session_key,driver_number,team_name
9222,1,Red Bull Racing
9222,2,Williams
9222,4,McLaren
9222,10,Alpine
9222,14,Aston Martin
9222,16,Ferrari
9222,20,Haas F1 Team
9222,21,AlphaTauri
9222,22,AlphaTauri
9222,23,Williams
9222,24,Alfa Romeo
9222,27,Haas F1 Team
9222,31,Alpine
9222,34,Aston Martin
9222,44,Mercedes
9222,55,Ferrari
9222,63,Mercedes
9222,77,Alfa Romeo
9222,81,McLaren
7763,1,Red Bull Racing
7763,2,Williams
7763,4,McLaren
7763,10,Alpine
7763,11,Red Bull Racing
7763,14,Aston Martin
7763,16,Ferrari
7763,20,Haas F1 Team
7763,21,AlphaTauri
7763,22,AlphaTauri
7763,24,Alfa Romeo
7763,27,Haas F1 Team
7763,31,Alpine
7763,44,Mercedes
7763,55,Ferrari
7763,63,Mercedes
7763,81,McLaren
7764,4,McLaren
7764,10,Alpine
7764,11,Red Bull Racing
7764,14,Aston Martin
7764,16,Ferrari
7764,20,Haas F1 Team
7764,21,AlphaTauri
7764,22,AlphaTauri
7764,23,Williams
7764,27,Haas F1 Team
7764,31,Alpine
7764,34,Aston Martin
7764,44,Mercedes
7764,55,Ferrari
7764,63,Mercedes
7764,77,Alfa Romeo
7764,81,McLaren
7765,1,Red Bull Racing
7765,2,Williams
7765,4,McLaren
7765,10,Alpine
7765,11,Red Bull Racing
7765,14,Aston Martin
7765,16,Ferrari
7765,18,Aston Martin
7765,20,Haas F1 Team
7765,21,AlphaTauri
7765,22,AlphaTauri
7765,23,Williams
7765,24,Alfa Romeo
7765,27,Haas F1 Team
7765,31,Alpine
7765,44,Mercedes
7765,55,Ferrari
7765,63,Mercedes
7765,77,Alfa Romeo
7765,81,McLaren
7766,1,Red Bull Racing
7766,2,Williams
7766,4,McLaren
7766,10,Alpine
7766,11,Red Bull Racing
7766,14,Aston Martin
7766,16,Ferrari
7766,18,Aston Martin
7766,20,Haas F1 Team
7766,21,AlphaTauri
7766,22,AlphaTauri
7766,23,Williams
7766,24,Alfa Romeo
7766,27,Haas F1 Team
7766,31,Alpine
7766,44,Mercedes
7766,55,Ferrari
7766,63,Mercedes
7766,77,Alfa Romeo
7766,81,McLaren
7767,1,Red Bull Racing
7767,2,Williams
7767,4,McLaren
7767,10,Alpine
7767,11,Red Bull Racing
7767,14,Aston Martin
7767,16,Ferrari
7767,18,Aston Martin
7767,20,Haas F1 Team
7767,21,AlphaTauri
7767,22,AlphaTauri
7767,23,Williams
7767,24,Alfa Romeo
7767,27,Haas F1 Team
7767,31,Alpine
7767,44,Mercedes
7767,55,Ferrari
7767,63,Mercedes
7767,77,Alfa Romeo
7767,81,McLaren
7768,1,Red Bull Racing
7768,2,Williams
7768,4,McLaren
7768,10,Alpine
7768,11,Red Bull Racing
7768,14,Aston Martin
7768,16,Ferrari
7768,18,Aston Martin
7768,20,Haas F1 Team
7768,21,AlphaTauri
7768,22,AlphaTauri
7768,23,Williams
7768,24,Alfa Romeo
7768,27,Haas F1 Team
7768,31,Alpine
7768,44,Mercedes
7768,55,Ferrari
7768,63,Mercedes
7768,77,Alfa Romeo
7768,81,McLaren
7953,1,Red Bull Racing
7953,2,Williams
7953,4,McLaren
7953,10,Alpine
7953,11,Red Bull Racing
7953,14,Aston Martin
7953,16,Ferrari
7953,18,Aston Martin
7953,20,Haas F1 Team
7953,21,AlphaTauri
7953,22,AlphaTauri
7953,23,Williams
7953,24,Alfa Romeo
7953,27,Haas F1 Team
7953,31,Alpine
7953,44,Mercedes
7953,55,Ferrari
7953,63,Mercedes
7953,77,Alfa Romeo
7953,81,McLaren
7772,1,Red Bull Racing
7772,2,Williams
7772,4,McLaren
7772,10,Alpine
7772,11,Red Bull Racing
7772,14,Aston Martin
7772,16,Ferrari
7772,18,Aston Martin
7772,20,Haas F1 Team
7772,21,AlphaTauri
7772,22,AlphaTauri
7772,23,Williams
7772,24,Alfa Romeo
7772,27,Haas F1 Team
7772,31,Alpine
7772,44,Mercedes
7772,55,Ferrari
7772,63,Mercedes
7772,77,Alfa Romeo
7772,81,McLaren
7773,1,Red Bull Racing
7773,2,Williams
7773,4,McLaren
7773,10,Alpine
7773,11,Red Bull Racing
7773,14,Aston Martin
7773,16,Ferrari
7773,18,Aston Martin
7773,20,Haas F1 Team
7773,21,AlphaTauri
7773,22,AlphaTauri
7773,23,Williams
7773,24,Alfa Romeo
7773,27,Haas F1 Team
7773,31,Alpine
7773,44,Mercedes
7773,55,Ferrari
7773,63,Mercedes
7773,77,Alfa Romeo
7773,81,McLaren
7774,1,Red Bull Racing
7774,2,Williams
7774,4,McLaren
7774,10,Alpine
7774,11,Red Bull Racing
7774,14,Aston Martin
7774,16,Ferrari
7774,18,Aston Martin
7774,20,Haas F1 Team
7774,21,AlphaTauri
7774,22,AlphaTauri
7774,23,Williams
7774,24,Alfa Romeo
7774,27,Haas F1 Team
7774,31,Alpine
7774,44,Mercedes
7774,55,Ferrari
7774,63,Mercedes
7774,77,Alfa Romeo
7774,81,McLaren
7775,1,Red Bull Racing
7775,2,Williams
7775,4,McLaren
7775,10,Alpine
7775,11,Red Bull Racing
7775,14,Aston Martin
7775,16,Ferrari
7775,18,Aston Martin
7775,20,Haas F1 Team
7775,21,AlphaTauri
7775,22,AlphaTauri
7775,23,Williams
7775,24,Alfa Romeo
7775,27,Haas F1 Team
7775,31,Alpine
7775,44,Mercedes
7775,55,Ferrari
7775,63,Mercedes
7775,77,Alfa Romeo
7775,81,McLaren
7779,1,Red Bull Racing
7779,2,Williams
7779,4,McLaren
7779,10,Alpine
7779,11,Red Bull Racing
7779,14,Aston Martin
7779,16,Ferrari
7779,18,Aston Martin
7779,20,Haas F1 Team
7779,21,AlphaTauri
7779,22,AlphaTauri
7779,23,Williams
7779,24,Alfa Romeo
7779,27,Haas F1 Team
7779,31,Alpine
7779,44,Mercedes
7779,55,Ferrari
7779,63,Mercedes
7779,77,Alfa Romeo
7779,81,McLaren
7780,1,Red Bull Racing
7780,2,Williams
7780,4,McLaren
7780,10,Alpine
7780,11,Red Bull Racing
7780,14,Aston Martin
7780,16,Ferrari
7780,18,Aston Martin
7780,20,Haas F1 Team
7780,21,AlphaTauri
7780,22,AlphaTauri
7780,23,Williams
7780,24,Alfa Romeo
7780,27,Haas F1 Team
7780,31,Alpine
7780,44,Mercedes
7780,55,Ferrari
7780,63,Mercedes
7780,77,Alfa Romeo
7780,81,McLaren
7781,1,Red Bull Racing
7781,2,Williams
7781,4,McLaren
7781,10,Alpine
7781,11,Red Bull Racing
7781,14,Aston Martin
7781,16,Ferrari
7781,18,Aston Martin
7781,20,Haas F1 Team
7781,21,AlphaTauri
7781,22,AlphaTauri
7781,23,Williams
7781,24,Alfa Romeo
7781,27,Haas F1 Team
7781,31,Alpine
7781,44,Mercedes
7781,55,Ferrari
7781,63,Mercedes
7781,77,Alfa Romeo
7781,81,McLaren
7782,1,Red Bull Racing
7782,2,Williams
7782,4,McLaren
7782,10,Alpine
7782,11,Red Bull Racing
7782,14,Aston Martin
7782,16,Ferrari
7782,18,Aston Martin
7782,20,Haas F1 Team
7782,21,AlphaTauri
7782,22,AlphaTauri
7782,23,Williams
7782,24,Alfa Romeo
7782,27,Haas F1 Team
7782,31,Alpine
7782,44,Mercedes
7782,55,Ferrari
7782,63,Mercedes
7782,77,Alfa Romeo
7782,81,McLaren
7783,1,Red Bull Racing
7783,2,Williams
7783,4,McLaren
7783,10,Alpine
7783,11,Red Bull Racing
7783,14,Aston Martin
7783,16,Ferrari
7783,18,Aston Martin
7783,20,Haas F1 Team
7783,21,AlphaTauri
7783,22,AlphaTauri
7783,23,Williams
7783,24,Alfa Romeo
7783,27,Haas F1 Team
7783,31,Alpine
7783,44,Mercedes
7783,55,Ferrari
7783,63,Mercedes
7783,77,Alfa Romeo
7783,81,McLaren
7787,1,Red Bull Racing
7787,2,Williams
7787,4,McLaren
7787,10,Alpine
7787,11,Red Bull Racing
7787,14,Aston Martin
7787,16,Ferrari
7787,18,Aston Martin
7787,20,Haas F1 Team
7787,21,AlphaTauri
7787,22,AlphaTauri
7787,23,Williams
7787,24,Alfa Romeo
7787,27,Haas F1 Team
7787,31,Alpine
7787,44,Mercedes
7787,55,Ferrari
7787,63,Mercedes
7787,77,Alfa Romeo
7787,81,McLaren
9063,1,Red Bull Racing
9063,2,Williams
9063,4,McLaren
9063,10,Alpine
9063,11,Red Bull Racing
9063,14,Aston Martin
9063,16,Ferrari
9063,18,Aston Martin
9063,20,Haas F1 Team
9063,21,AlphaTauri
9063,22,AlphaTauri
9063,23,Williams
9063,24,Alfa Romeo
9063,27,Haas F1 Team
9063,31,Alpine
9063,44,Mercedes
9063,55,Ferrari
9063,63,Mercedes
9063,77,Alfa Romeo
9063,81,McLaren
9064,1,Red Bull Racing
9064,2,Williams
9064,4,McLaren
9064,10,Alpine
9064,11,Red Bull Racing
9064,14,Aston Martin
9064,16,Ferrari
9064,18,Aston Martin
9064,20,Haas F1 Team
9064,21,AlphaTauri
9064,22,AlphaTauri
9064,23,Williams
9064,24,Alfa Romeo
9064,27,Haas F1 Team
9064,31,Alpine
9064,44,Mercedes
9064,55,Ferrari
9064,63,Mercedes
9064,77,Alfa Romeo
9064,81,McLaren
9278,1,Red Bull Racing
9278,2,Williams
9278,4,McLaren
9278,10,Alpine
9278,11,Red Bull Racing
9278,14,Aston Martin
9278,16,Ferrari
9278,18,Aston Martin
9278,20,Haas F1 Team
9278,21,AlphaTauri
9278,22,AlphaTauri
9278,23,Williams
9278,24,Alfa Romeo
9278,27,Haas F1 Team
9278,31,Alpine
9278,44,Mercedes
9278,55,Ferrari
9278,63,Mercedes
9278,77,Alfa Romeo
9278,81,McLaren
9069,1,Red Bull Racing
9069,4,McLaren
9069,10,Alpine
9069,11,Red Bull Racing
9069,14,Aston Martin
9069,16,Ferrari
9069,18,Aston Martin
9069,20,Haas F1 Team
9069,21,AlphaTauri
9069,22,AlphaTauri
9069,23,Williams
9069,24,Alfa Romeo
9069,27,Haas F1 Team
9069,31,Alpine
9069,44,Mercedes
9069,55,Ferrari
9069,63,Mercedes
9069,77,Alfa Romeo
9069,81,McLaren
9070,1,Red Bull Racing
9070,2,Williams
9070,4,McLaren
9070,10,Alpine
9070,11,Red Bull Racing
9070,14,Aston Martin
9070,16,Ferrari
9070,18,Aston Martin
9070,20,Haas F1 Team
9070,21,AlphaTauri
9070,22,AlphaTauri
9070,23,Williams
9070,24,Alfa Romeo
9070,27,Haas F1 Team
9070,31,Alpine
9070,44,Mercedes
9070,55,Ferrari
9070,63,Mercedes
9070,77,Alfa Romeo
9070,81,McLaren
9071,1,Red Bull Racing
9071,2,Williams
9071,4,McLaren
9071,10,Alpine
9071,11,Red Bull Racing
9071,14,Aston Martin
9071,16,Ferrari
9071,18,Aston Martin
9071,20,Haas F1 Team
9071,21,AlphaTauri
9071,22,AlphaTauri
9071,23,Williams
9071,24,Alfa Romeo
9071,27,Haas F1 Team
9071,31,Alpine
9071,44,Mercedes
9071,55,Ferrari
9071,63,Mercedes
9071,77,Alfa Romeo
9071,81,McLaren
9072,1,Red Bull Racing
9072,2,Williams
9072,4,McLaren
9072,10,Alpine
9072,11,Red Bull Racing
9072,14,Aston Martin
9072,16,Ferrari
9072,18,Aston Martin
9072,20,Haas F1 Team
9072,21,AlphaTauri
9072,22,AlphaTauri
9072,23,Williams
9072,24,Alfa Romeo
9072,27,Haas F1 Team
9072,31,Alpine
9072,44,Mercedes
9072,55,Ferrari
9072,63,Mercedes
9072,77,Alfa Romeo
9072,81,McLaren
9073,1,Red Bull Racing
9073,2,Williams
9073,4,McLaren
9073,10,Alpine
9073,11,Red Bull Racing
9073,14,Aston Martin
9073,16,Ferrari
9073,18,Aston Martin
9073,20,Haas F1 Team
9073,21,AlphaTauri
9073,22,AlphaTauri
9073,23,Williams
9073,24,Alfa Romeo
9073,27,Haas F1 Team
9073,31,Alpine
9073,44,Mercedes
9073,55,Ferrari
9073,63,Mercedes
9073,77,Alfa Romeo
9073,81,McLaren
9074,1,Red Bull Racing
9074,2,Williams
9074,4,McLaren
9074,10,Alpine
9074,11,Red Bull Racing
9074,14,Aston Martin
9074,16,Ferrari
9074,18,Aston Martin
9074,20,Haas F1 Team
9074,21,AlphaTauri
9074,22,AlphaTauri
9074,23,Williams
9074,24,Alfa Romeo
9074,27,Haas F1 Team
9074,31,Alpine
9074,44,Mercedes
9074,55,Ferrari
9074,63,Mercedes
9074,77,Alfa Romeo
9074,81,McLaren
9078,1,Red Bull Racing
9078,2,Williams
9078,4,McLaren
9078,10,Alpine
9078,11,Red Bull Racing
9078,14,Aston Martin
9078,16,Ferrari
9078,18,Aston Martin
9078,20,Haas F1 Team
9078,21,AlphaTauri
9078,22,AlphaTauri
9078,23,Williams
9078,24,Alfa Romeo
9078,27,Haas F1 Team
9078,31,Alpine
9078,44,Mercedes
9078,55,Ferrari
9078,63,Mercedes
9078,77,Alfa Romeo
9078,81,McLaren
9087,1,Red Bull Racing
9087,2,Williams
9087,4,McLaren
9087,10,Alpine
9087,11,Red Bull Racing
9087,14,Aston Martin
9087,16,Ferrari
9087,18,Aston Martin
9087,20,Haas F1 Team
9087,21,AlphaTauri
9087,22,AlphaTauri
9087,23,Williams
9087,24,Alfa Romeo
9087,27,Haas F1 Team
9087,31,Alpine
9087,44,Mercedes
9087,55,Ferrari
9087,63,Mercedes
9087,77,Alfa Romeo
9087,81,McLaren
9088,1,Red Bull Racing
9088,2,Williams
9088,4,McLaren
9088,10,Alpine
9088,11,Red Bull Racing
9088,14,Aston Martin
9088,16,Ferrari
9088,18,Aston Martin
9088,20,Haas F1 Team
9088,21,AlphaTauri
9088,22,AlphaTauri
9088,23,Williams
9088,24,Alfa Romeo
9088,27,Haas F1 Team
9088,31,Alpine
9088,44,Mercedes
9088,55,Ferrari
9088,63,Mercedes
9088,77,Alfa Romeo
9088,81,McLaren
9089,1,Red Bull Racing
9089,2,Williams
9089,4,McLaren
9089,10,Alpine
9089,11,Red Bull Racing
9089,14,Aston Martin
9089,16,Ferrari
9089,18,Aston Martin
9089,20,Haas F1 Team
9089,21,AlphaTauri
9089,22,AlphaTauri
9089,23,Williams
9089,24,Alfa Romeo
9089,27,Haas F1 Team
9089,31,Alpine
9089,44,Mercedes
9089,55,Ferrari
9089,63,Mercedes
9089,77,Alfa Romeo
9089,81,McLaren
9090,1,Red Bull Racing
9090,2,Williams
9090,4,McLaren
9090,10,Alpine
9090,11,Red Bull Racing
9090,14,Aston Martin
9090,16,Ferrari
9090,18,Aston Martin
9090,20,Haas F1 Team
9090,21,AlphaTauri
9090,22,AlphaTauri
9090,23,Williams
9090,24,Alfa Romeo
9090,27,Haas F1 Team
9090,31,Alpine
9090,44,Mercedes
9090,55,Ferrari
9090,63,Mercedes
9090,77,Alfa Romeo
9090,81,McLaren
9094,1,Red Bull Racing
9094,2,Williams
9094,4,McLaren
9094,10,Alpine
9094,11,Red Bull Racing
9094,14,Aston Martin
9094,16,Ferrari
9094,18,Aston Martin
9094,20,Haas F1 Team
9094,21,AlphaTauri
9094,22,AlphaTauri
9094,23,Williams
9094,24,Alfa Romeo
9094,27,Haas F1 Team
9094,31,Alpine
9094,44,Mercedes
9094,55,Ferrari
9094,63,Mercedes
9094,77,Alfa Romeo
9094,81,McLaren
9095,1,Red Bull Racing
9095,2,Williams
9095,4,McLaren
9095,10,Alpine
9095,11,Red Bull Racing
9095,14,Aston Martin
9095,16,Ferrari
9095,18,Aston Martin
9095,20,Haas F1 Team
9095,21,AlphaTauri
9095,22,AlphaTauri
9095,23,Williams
9095,24,Alfa Romeo
9095,27,Haas F1 Team
9095,31,Alpine
9095,44,Mercedes
9095,55,Ferrari
9095,63,Mercedes
9095,77,Alfa Romeo
9095,81,McLaren
9096,1,Red Bull Racing
9096,2,Williams
9096,4,McLaren
9096,10,Alpine
9096,11,Red Bull Racing
9096,14,Aston Martin
9096,16,Ferrari
9096,18,Aston Martin
9096,20,Haas F1 Team
9096,21,AlphaTauri
9096,22,AlphaTauri
9096,23,Williams
9096,24,Alfa Romeo
9096,27,Haas F1 Team
9096,31,Alpine
9096,44,Mercedes
9096,55,Ferrari
9096,63,Mercedes
9096,77,Alfa Romeo
9096,81,McLaren
9097,1,Red Bull Racing
9097,2,Williams
9097,4,McLaren
9097,10,Alpine
9097,11,Red Bull Racing
9097,14,Aston Martin
9097,16,Ferrari
9097,18,Aston Martin
9097,20,Haas F1 Team
9097,21,AlphaTauri
9097,22,AlphaTauri
9097,23,Williams
9097,24,Alfa Romeo
9097,27,Haas F1 Team
9097,31,Alpine
9097,44,Mercedes
9097,55,Ferrari
9097,63,Mercedes
9097,77,Alfa Romeo
9097,81,McLaren
9098,1,Red Bull Racing
9098,2,Williams
9098,4,McLaren
9098,10,Alpine
9098,11,Red Bull Racing
9098,14,Aston Martin
9098,16,Ferrari
9098,18,Aston Martin
9098,20,Haas F1 Team
9098,21,AlphaTauri
9098,22,AlphaTauri
9098,23,Williams
9098,24,Alfa Romeo
9098,27,Haas F1 Team
9098,31,Alpine
9098,44,Mercedes
9098,55,Ferrari
9098,63,Mercedes
9098,77,Alfa Romeo
9098,81,McLaren
9102,1,Red Bull Racing
9102,2,Williams
9102,4,McLaren
9102,10,Alpine
9102,11,Red Bull Racing
9102,14,Aston Martin
9102,16,Ferrari
9102,18,Aston Martin
9102,20,Haas F1 Team
9102,21,AlphaTauri
9102,22,AlphaTauri
9102,23,Williams
9102,24,Alfa Romeo
9102,27,Haas F1 Team
9102,31,Alpine
9102,44,Mercedes
9102,55,Ferrari
9102,63,Mercedes
9102,77,Alfa Romeo
9102,81,McLaren
9103,1,Red Bull Racing
9103,2,Williams
9103,4,McLaren
9103,10,Alpine
9103,11,Red Bull Racing
9103,14,Aston Martin
9103,16,Ferrari
9103,18,Aston Martin
9103,20,Haas F1 Team
9103,21,AlphaTauri
9103,22,AlphaTauri
9103,23,Williams
9103,24,Alfa Romeo
9103,27,Haas F1 Team
9103,31,Alpine
9103,44,Mercedes
9103,55,Ferrari
9103,63,Mercedes
9103,77,Alfa Romeo
9103,81,McLaren
9104,1,Red Bull Racing
9104,2,Williams
9104,4,McLaren
9104,10,Alpine
9104,11,Red Bull Racing
9104,14,Aston Martin
9104,16,Ferrari
9104,18,Aston Martin
9104,20,Haas F1 Team
9104,21,AlphaTauri
9104,22,AlphaTauri
9104,23,Williams
9104,24,Alfa Romeo
9104,27,Haas F1 Team
9104,31,Alpine
9104,44,Mercedes
9104,55,Ferrari
9104,63,Mercedes
9104,77,Alfa Romeo
9104,81,McLaren
9105,1,Red Bull Racing
9105,2,Williams
9105,4,McLaren
9105,10,Alpine
9105,11,Red Bull Racing
9105,14,Aston Martin
9105,16,Ferrari
9105,18,Aston Martin
9105,20,Haas F1 Team
9105,21,AlphaTauri
9105,22,AlphaTauri
9105,23,Williams
9105,24,Alfa Romeo
9105,27,Haas F1 Team
9105,31,Alpine
9105,44,Mercedes
9105,55,Ferrari
9105,63,Mercedes
9105,77,Alfa Romeo
9105,81,McLaren
9106,1,Red Bull Racing
9106,2,Williams
9106,4,McLaren
9106,10,Alpine
9106,11,Red Bull Racing
9106,14,Aston Martin
9106,16,Ferrari
9106,18,Aston Martin
9106,20,Haas F1 Team
9106,21,AlphaTauri
9106,22,AlphaTauri
9106,23,Williams
9106,24,Alfa Romeo
9106,27,Haas F1 Team
9106,31,Alpine
9106,44,Mercedes
9106,55,Ferrari
9106,63,Mercedes
9106,77,Alfa Romeo
9106,81,McLaren
9110,1,Red Bull Racing
9110,2,Williams
9110,4,McLaren
9110,10,Alpine
9110,11,Red Bull Racing
9110,14,Aston Martin
9110,16,Ferrari
9110,18,Aston Martin
9110,20,Haas F1 Team
9110,21,AlphaTauri
9110,22,AlphaTauri
9110,23,Williams
9110,24,Alfa Romeo
9110,27,Haas F1 Team
9110,31,Alpine
9110,44,Mercedes
9110,55,Ferrari
9110,63,Mercedes
9110,77,Alfa Romeo
9110,81,McLaren
9111,1,Red Bull Racing
9111,2,Williams
9111,4,McLaren
9111,10,Alpine
9111,11,Red Bull Racing
9111,14,Aston Martin
9111,16,Ferrari
9111,18,Aston Martin
9111,20,Haas F1 Team
9111,21,AlphaTauri
9111,22,AlphaTauri
9111,23,Williams
9111,24,Alfa Romeo
9111,27,Haas F1 Team
9111,31,Alpine
9111,44,Mercedes
9111,55,Ferrari
9111,63,Mercedes
9111,77,Alfa Romeo
9111,81,McLaren
9112,1,Red Bull Racing
9112,2,Williams
9112,4,McLaren
9112,10,Alpine
9112,11,Red Bull Racing
9112,14,Aston Martin
9112,16,Ferrari
9112,18,Aston Martin
9112,20,Haas F1 Team
9112,21,AlphaTauri
9112,22,AlphaTauri
9112,23,Williams
9112,24,Alfa Romeo
9112,27,Haas F1 Team
9112,31,Alpine
9112,44,Mercedes
9112,55,Ferrari
9112,63,Mercedes
9112,77,Alfa Romeo
9112,81,McLaren
9282,1,Red Bull Racing
9282,2,Williams
9282,4,McLaren
9282,10,Alpine
9282,11,Red Bull Racing
9282,14,Aston Martin
9282,16,Ferrari
9282,18,Aston Martin
9282,20,Haas F1 Team
9282,21,AlphaTauri
9282,22,AlphaTauri
9282,23,Williams
9282,24,Alfa Romeo
9282,27,Haas F1 Team
9282,31,Alpine
9282,44,Mercedes
9282,55,Ferrari
9282,63,Mercedes
9282,77,Alfa Romeo
9282,81,McLaren
9117,1,Red Bull Racing
9117,2,Williams
9117,4,McLaren
9117,10,Alpine
9117,11,Red Bull Racing
9117,14,Aston Martin
9117,16,Ferrari
9117,18,Aston Martin
9117,20,Haas F1 Team
9117,21,AlphaTauri
9117,22,AlphaTauri
9117,23,Williams
9117,24,Alfa Romeo
9117,27,Haas F1 Team
9117,31,Alpine
9117,44,Mercedes
9117,55,Ferrari
9117,63,Mercedes
9117,77,Alfa Romeo
9117,81,McLaren
9118,1,Red Bull Racing
9118,2,Williams
9118,4,McLaren
9118,10,Alpine
9118,11,Red Bull Racing
9118,14,Aston Martin
9118,16,Ferrari
9118,18,Aston Martin
9118,20,Haas F1 Team
9118,21,AlphaTauri
9118,22,AlphaTauri
9118,23,Williams
9118,24,Alfa Romeo
9118,27,Haas F1 Team
9118,31,Alpine
9118,44,Mercedes
9118,55,Ferrari
9118,63,Mercedes
9118,77,Alfa Romeo
9118,81,McLaren
9119,1,Red Bull Racing
9119,2,Williams
9119,4,McLaren
9119,10,Alpine
9119,11,Red Bull Racing
9119,14,Aston Martin
9119,16,Ferrari
9119,18,Aston Martin
9119,20,Haas F1 Team
9119,21,AlphaTauri
9119,22,AlphaTauri
9119,23,Williams
9119,24,Alfa Romeo
9119,27,Haas F1 Team
9119,31,Alpine
9119,44,Mercedes
9119,55,Ferrari
9119,63,Mercedes
9119,77,Alfa Romeo
9119,81,McLaren
9120,1,Red Bull Racing
9120,2,Williams
9120,4,McLaren
9120,10,Alpine
9120,11,Red Bull Racing
9120,14,Aston Martin
9120,16,Ferrari
9120,18,Aston Martin
9120,20,Haas F1 Team
9120,21,AlphaTauri
9120,22,AlphaTauri
9120,23,Williams
9120,24,Alfa Romeo
9120,27,Haas F1 Team
9120,31,Alpine
9120,44,Mercedes
9120,55,Ferrari
9120,63,Mercedes
9120,77,Alfa Romeo
9120,81,McLaren
9121,1,Red Bull Racing
9121,2,Williams
9121,4,McLaren
9121,10,Alpine
9121,11,Red Bull Racing
9121,14,Aston Martin
9121,16,Ferrari
9121,18,Aston Martin
9121,20,Haas F1 Team
9121,21,AlphaTauri
9121,22,AlphaTauri
9121,23,Williams
9121,24,Alfa Romeo
9121,27,Haas F1 Team
9121,31,Alpine
9121,44,Mercedes
9121,55,Ferrari
9121,63,Mercedes
9121,77,Alfa Romeo
9121,81,McLaren
9122,1,Red Bull Racing
9122,2,Williams
9122,4,McLaren
9122,10,Alpine
9122,11,Red Bull Racing
9122,14,Aston Martin
9122,16,Ferrari
9122,18,Aston Martin
9122,20,Haas F1 Team
9122,21,AlphaTauri
9122,22,AlphaTauri
9122,23,Williams
9122,24,Alfa Romeo
9122,27,Haas F1 Team
9122,31,Alpine
9122,44,Mercedes
9122,55,Ferrari
9122,63,Mercedes
9122,77,Alfa Romeo
9122,81,McLaren
9126,1,Red Bull Racing
9126,2,Williams
9126,4,McLaren
9126,10,Alpine
9126,11,Red Bull Racing
9126,14,Aston Martin
9126,16,Ferrari
9126,18,Aston Martin
9126,20,Haas F1 Team
9126,21,AlphaTauri
9126,22,AlphaTauri
9126,23,Williams
9126,24,Alfa Romeo
9126,27,Haas F1 Team
9126,31,Alpine
9126,44,Mercedes
9126,55,Ferrari
9126,63,Mercedes
9126,77,Alfa Romeo
9126,81,McLaren
9223,1,Red Bull Racing
9223,2,Williams
9223,3,AlphaTauri
9223,4,McLaren
9223,10,Alpine
9223,11,Red Bull Racing
9223,14,Aston Martin
9223,16,Ferrari
9223,18,Aston Martin
9223,20,Haas F1 Team
9223,22,AlphaTauri
9223,23,Williams
9223,24,Alfa Romeo
9223,27,Haas F1 Team
9223,31,Alpine
9223,44,Mercedes
9223,55,Ferrari
9223,63,Mercedes
9223,77,Alfa Romeo
9223,81,McLaren
9223,5,
9223,6,
9223,7,
9223,8,
9223,9,
9223,12,
9223,15,
9223,17,
9223,19,
9223,21,AlphaTauri
9223,25,
9223,26,
9223,28,
9223,29,
9223,30,
9127,1,Red Bull Racing
9127,2,Williams
9127,3,AlphaTauri
9127,4,McLaren
9127,10,Alpine
9127,11,Red Bull Racing
9127,14,Aston Martin
9127,16,Ferrari
9127,18,Aston Martin
9127,20,Haas F1 Team
9127,22,AlphaTauri
9127,23,Williams
9127,24,Alfa Romeo
9127,27,Haas F1 Team
9127,31,Alpine
9127,44,Mercedes
9127,55,Ferrari
9127,63,Mercedes
9127,77,Alfa Romeo
9127,81,McLaren
9128,1,Red Bull Racing
9128,2,Williams
9128,3,AlphaTauri
9128,4,McLaren
9128,10,Alpine
9128,11,Red Bull Racing
9128,14,Aston Martin
9128,16,Ferrari
9128,18,Aston Martin
9128,20,Haas F1 Team
9128,22,AlphaTauri
9128,23,Williams
9128,24,Alfa Romeo
9128,27,Haas F1 Team
9128,31,Alpine
9128,44,Mercedes
9128,55,Ferrari
9128,63,Mercedes
9128,77,Alfa Romeo
9128,81,McLaren
9129,1,Red Bull Racing
9129,2,Williams
9129,3,AlphaTauri
9129,4,McLaren
9129,10,Alpine
9129,11,Red Bull Racing
9129,14,Aston Martin
9129,16,Ferrari
9129,18,Aston Martin
9129,20,Haas F1 Team
9129,22,AlphaTauri
9129,23,Williams
9129,24,Alfa Romeo
9129,27,Haas F1 Team
9129,31,Alpine
9129,44,Mercedes
9129,55,Ferrari
9129,63,Mercedes
9129,77,Alfa Romeo
9129,81,McLaren
9133,1,Red Bull Racing
9133,2,Williams
9133,3,AlphaTauri
9133,4,McLaren
9133,10,Alpine
9133,11,Red Bull Racing
9133,14,Aston Martin
9133,16,Ferrari
9133,18,Aston Martin
9133,20,Haas F1 Team
9133,22,AlphaTauri
9133,23,Williams
9133,24,Alfa Romeo
9133,27,Haas F1 Team
9133,31,Alpine
9133,44,Mercedes
9133,55,Ferrari
9133,63,Mercedes
9133,77,Alfa Romeo
9133,81,McLaren
9134,1,Red Bull Racing
9134,2,Williams
9134,3,AlphaTauri
9134,4,McLaren
9134,10,Alpine
9134,11,Red Bull Racing
9134,14,Aston Martin
9134,16,Ferrari
9134,18,Aston Martin
9134,20,Haas F1 Team
9134,22,AlphaTauri
9134,23,Williams
9134,24,Alfa Romeo
9134,27,Haas F1 Team
9134,31,Alpine
9134,44,Mercedes
9134,55,Ferrari
9134,63,Mercedes
9134,77,Alfa Romeo
9134,81,McLaren
9135,1,Red Bull Racing
9135,2,Williams
9135,3,AlphaTauri
9135,4,McLaren
9135,10,Alpine
9135,11,Red Bull Racing
9135,14,Aston Martin
9135,16,Ferrari
9135,18,Aston Martin
9135,20,Haas F1 Team
9135,22,AlphaTauri
9135,23,Williams
9135,24,Alfa Romeo
9135,27,Haas F1 Team
9135,31,Alpine
9135,44,Mercedes
9135,55,Ferrari
9135,63,Mercedes
9135,77,Alfa Romeo
9135,81,McLaren
9286,1,Red Bull Racing
9286,2,Williams
9286,3,AlphaTauri
9286,4,McLaren
9286,10,Alpine
9286,11,Red Bull Racing
9286,14,Aston Martin
9286,16,Ferrari
9286,18,Aston Martin
9286,20,Haas F1 Team
9286,22,AlphaTauri
9286,23,Williams
9286,24,Alfa Romeo
9286,27,Haas F1 Team
9286,31,Alpine
9286,44,Mercedes
9286,55,Ferrari
9286,63,Mercedes
9286,77,Alfa Romeo
9286,81,McLaren
9140,1,Red Bull Racing
9140,2,Williams
9140,3,AlphaTauri
9140,4,McLaren
9140,10,Alpine
9140,11,Red Bull Racing
9140,14,Aston Martin
9140,16,Ferrari
9140,18,Aston Martin
9140,20,Haas F1 Team
9140,22,AlphaTauri
9140,23,Williams
9140,24,Alfa Romeo
9140,27,Haas F1 Team
9140,31,Alpine
9140,44,Mercedes
9140,55,Ferrari
9140,63,Mercedes
9140,77,Alfa Romeo
9140,81,McLaren
9141,1,Red Bull Racing
9141,2,Williams
9141,3,AlphaTauri
9141,4,McLaren
9141,10,Alpine
9141,11,Red Bull Racing
9141,14,Aston Martin
9141,16,Ferrari
9141,18,Aston Martin
9141,20,Haas F1 Team
9141,22,AlphaTauri
9141,23,Williams
9141,24,Alfa Romeo
9141,27,Haas F1 Team
9141,31,Alpine
9141,44,Mercedes
9141,55,Ferrari
9141,63,Mercedes
9141,77,Alfa Romeo
9141,81,McLaren
9142,1,Red Bull Racing
9142,2,Williams
9142,3,AlphaTauri
9142,4,McLaren
9142,10,Alpine
9142,11,Red Bull Racing
9142,14,Aston Martin
9142,16,Ferrari
9142,18,Aston Martin
9142,20,Haas F1 Team
9142,22,AlphaTauri
9142,23,Williams
9142,24,Alfa Romeo
9142,27,Haas F1 Team
9142,31,Alpine
9142,39,Ferrari
9142,44,Mercedes
9142,63,Mercedes
9142,77,Alfa Romeo
9142,81,McLaren
9143,1,Red Bull Racing
9143,2,Williams
9143,3,AlphaTauri
9143,4,McLaren
9143,10,Alpine
9143,11,Red Bull Racing
9143,14,Aston Martin
9143,16,Ferrari
9143,18,Aston Martin
9143,20,Haas F1 Team
9143,22,AlphaTauri
9143,23,Williams
9143,24,Alfa Romeo
9143,27,Haas F1 Team
9143,31,Alpine
9143,44,Mercedes
9143,55,Ferrari
9143,63,Mercedes
9143,77,Alfa Romeo
9143,81,McLaren
9144,1,Red Bull Racing
9144,2,Williams
9144,4,McLaren
9144,10,Alpine
9144,11,Red Bull Racing
9144,14,Aston Martin
9144,16,Ferrari
9144,18,Aston Martin
9144,20,Haas F1 Team
9144,22,AlphaTauri
9144,23,Williams
9144,24,Alfa Romeo
9144,27,Haas F1 Team
9144,31,Alpine
9144,40,AlphaTauri
9144,44,Mercedes
9144,55,Ferrari
9144,63,Mercedes
9144,77,Alfa Romeo
9144,81,McLaren
9145,1,Red Bull Racing
9145,2,Williams
9145,4,McLaren
9145,10,Alpine
9145,11,Red Bull Racing
9145,14,Aston Martin
9145,16,Ferrari
9145,18,Aston Martin
9145,20,Haas F1 Team
9145,22,AlphaTauri
9145,23,Williams
9145,24,Alfa Romeo
9145,27,Haas F1 Team
9145,31,Alpine
9145,40,AlphaTauri
9145,44,Mercedes
9145,55,Ferrari
9145,63,Mercedes
9145,77,Alfa Romeo
9145,81,McLaren
9149,1,Red Bull Racing
9149,2,Williams
9149,4,McLaren
9149,10,Alpine
9149,11,Red Bull Racing
9149,14,Aston Martin
9149,16,Ferrari
9149,18,Aston Martin
9149,20,Haas F1 Team
9149,22,AlphaTauri
9149,23,Williams
9149,24,Alfa Romeo
9149,27,Haas F1 Team
9149,31,Alpine
9149,40,AlphaTauri
9149,44,Mercedes
9149,55,Ferrari
9149,63,Mercedes
9149,77,Alfa Romeo
9149,81,McLaren
9150,1,Red Bull Racing
9150,2,Williams
9150,4,McLaren
9150,10,Alpine
9150,11,Red Bull Racing
9150,14,Aston Martin
9150,16,Ferrari
9150,20,Haas F1 Team
9150,22,AlphaTauri
9150,23,Williams
9150,24,Alfa Romeo
9150,27,Haas F1 Team
9150,31,Alpine
9150,34,Aston Martin
9150,40,AlphaTauri
9150,44,Mercedes
9150,55,Ferrari
9150,63,Mercedes
9150,77,Alfa Romeo
9150,81,McLaren
9151,1,Red Bull Racing
9151,2,Williams
9151,4,McLaren
9151,10,Alpine
9151,11,Red Bull Racing
9151,14,Aston Martin
9151,16,Ferrari
9151,18,Aston Martin
9151,20,Haas F1 Team
9151,22,AlphaTauri
9151,23,Williams
9151,24,Alfa Romeo
9151,27,Haas F1 Team
9151,31,Alpine
9151,40,AlphaTauri
9151,44,Mercedes
9151,55,Ferrari
9151,63,Mercedes
9151,77,Alfa Romeo
9151,81,McLaren
9152,1,Red Bull Racing
9152,2,Williams
9152,4,McLaren
9152,10,Alpine
9152,11,Red Bull Racing
9152,14,Aston Martin
9152,16,Ferrari
9152,18,Aston Martin
9152,20,Haas F1 Team
9152,22,AlphaTauri
9152,23,Williams
9152,24,Alfa Romeo
9152,27,Haas F1 Team
9152,31,Alpine
9152,40,AlphaTauri
9152,44,Mercedes
9152,55,Ferrari
9152,63,Mercedes
9152,77,Alfa Romeo
9152,81,McLaren
9153,1,Red Bull Racing
9153,2,Williams
9153,4,McLaren
9153,10,Alpine
9153,11,Red Bull Racing
9153,14,Aston Martin
9153,16,Ferrari
9153,18,Aston Martin
9153,20,Haas F1 Team
9153,22,AlphaTauri
9153,23,Williams
9153,24,Alfa Romeo
9153,27,Haas F1 Team
9153,31,Alpine
9153,40,AlphaTauri
9153,44,Mercedes
9153,55,Ferrari
9153,63,Mercedes
9153,77,Alfa Romeo
9153,81,McLaren
9157,1,Red Bull Racing
9157,2,Williams
9157,4,McLaren
9157,10,Alpine
9157,11,Red Bull Racing
9157,14,Aston Martin
9157,16,Ferrari
9157,18,Aston Martin
9157,20,Haas F1 Team
9157,22,AlphaTauri
9157,23,Williams
9157,24,Alfa Romeo
9157,27,Haas F1 Team
9157,31,Alpine
9157,40,AlphaTauri
9157,44,Mercedes
9157,55,Ferrari
9157,63,Mercedes
9157,77,Alfa Romeo
9157,81,McLaren
9158,1,Red Bull Racing
9158,2,Williams
9158,4,McLaren
9158,10,Alpine
9158,11,Red Bull Racing
9158,14,Aston Martin
9158,16,Ferrari
9158,18,Aston Martin
9158,20,Haas F1 Team
9158,22,AlphaTauri
9158,23,Williams
9158,24,Alfa Romeo
9158,27,Haas F1 Team
9158,31,Alpine
9158,40,AlphaTauri
9158,44,Mercedes
9158,55,Ferrari
9158,63,Mercedes
9158,77,Alfa Romeo
9158,81,McLaren
9159,1,Red Bull Racing
9159,2,Williams
9159,4,McLaren
9159,10,Alpine
9159,11,Red Bull Racing
9159,14,Aston Martin
9159,16,Ferrari
9159,18,Aston Martin
9159,20,Haas F1 Team
9159,22,AlphaTauri
9159,23,Williams
9159,24,Alfa Romeo
9159,27,Haas F1 Team
9159,31,Alpine
9159,40,AlphaTauri
9159,44,Mercedes
9159,55,Ferrari
9159,63,Mercedes
9159,77,Alfa Romeo
9159,81,McLaren
9160,1,Red Bull Racing
9160,2,Williams
9160,4,McLaren
9160,10,Alpine
9160,11,Red Bull Racing
9160,14,Aston Martin
9160,16,Ferrari
9160,18,Aston Martin
9160,20,Haas F1 Team
9160,22,AlphaTauri
9160,23,Williams
9160,24,Alfa Romeo
9160,27,Haas F1 Team
9160,31,Alpine
9160,40,AlphaTauri
9160,44,Mercedes
9160,55,Ferrari
9160,63,Mercedes
9160,77,Alfa Romeo
9160,81,McLaren
9161,1,Red Bull Racing
9161,2,Williams
9161,4,McLaren
9161,10,Alpine
9161,11,Red Bull Racing
9161,14,Aston Martin
9161,16,Ferrari
9161,18,Aston Martin
9161,20,Haas F1 Team
9161,22,AlphaTauri
9161,23,Williams
9161,24,Alfa Romeo
9161,27,Haas F1 Team
9161,31,Alpine
9161,40,AlphaTauri
9161,44,Mercedes
9161,55,Ferrari
9161,63,Mercedes
9161,77,Alfa Romeo
9161,81,McLaren
9165,1,Red Bull Racing
9165,2,Williams
9165,4,McLaren
9165,10,Alpine
9165,11,Red Bull Racing
9165,14,Aston Martin
9165,16,Ferrari
9165,20,Haas F1 Team
9165,22,AlphaTauri
9165,23,Williams
9165,24,Alfa Romeo
9165,27,Haas F1 Team
9165,31,Alpine
9165,40,AlphaTauri
9165,44,Mercedes
9165,55,Ferrari
9165,63,Mercedes
9165,77,Alfa Romeo
9165,81,McLaren
9166,1,Red Bull Racing
9166,2,Williams
9166,4,McLaren
9166,10,Alpine
9166,11,Red Bull Racing
9166,14,Aston Martin
9166,16,Ferrari
9166,18,Aston Martin
9166,20,Haas F1 Team
9166,22,AlphaTauri
9166,23,Williams
9166,24,Alfa Romeo
9166,27,Haas F1 Team
9166,31,Alpine
9166,40,AlphaTauri
9166,44,Mercedes
9166,55,Ferrari
9166,63,Mercedes
9166,77,Alfa Romeo
9166,81,McLaren
9167,1,Red Bull Racing
9167,2,Williams
9167,4,McLaren
9167,10,Alpine
9167,11,Red Bull Racing
9167,14,Aston Martin
9167,16,Ferrari
9167,18,Aston Martin
9167,20,Haas F1 Team
9167,22,AlphaTauri
9167,23,Williams
9167,24,Alfa Romeo
9167,27,Haas F1 Team
9167,31,Alpine
9167,40,AlphaTauri
9167,44,Mercedes
9167,55,Ferrari
9167,63,Mercedes
9167,77,Alfa Romeo
9167,81,McLaren
9168,1,Red Bull Racing
9168,2,Williams
9168,4,McLaren
9168,10,Alpine
9168,11,Red Bull Racing
9168,14,Aston Martin
9168,16,Ferrari
9168,18,Aston Martin
9168,20,Haas F1 Team
9168,22,AlphaTauri
9168,23,Williams
9168,24,Alfa Romeo
9168,27,Haas F1 Team
9168,31,Alpine
9168,40,AlphaTauri
9168,44,Mercedes
9168,55,Ferrari
9168,63,Mercedes
9168,77,Alfa Romeo
9168,81,McLaren
9169,1,Red Bull Racing
9169,2,Williams
9169,4,McLaren
9169,10,Alpine
9169,11,Red Bull Racing
9169,14,Aston Martin
9169,16,Ferrari
9169,18,Aston Martin
9169,20,Haas F1 Team
9169,22,AlphaTauri
9169,23,Williams
9169,24,Alfa Romeo
9169,27,Haas F1 Team
9169,31,Alpine
9169,40,AlphaTauri
9169,44,Mercedes
9169,55,Ferrari
9169,63,Mercedes
9169,77,Alfa Romeo
9169,81,McLaren
9173,1,Red Bull Racing
9173,2,Williams
9173,4,McLaren
9173,10,Alpine
9173,11,Red Bull Racing
9173,14,Aston Martin
9173,16,Ferrari
9173,18,Aston Martin
9173,20,Haas F1 Team
9173,22,AlphaTauri
9173,23,Williams
9173,24,Alfa Romeo
9173,27,Haas F1 Team
9173,31,Alpine
9173,40,AlphaTauri
9173,44,Mercedes
9173,55,Ferrari
9173,63,Mercedes
9173,77,Alfa Romeo
9173,81,McLaren
9214,1,Red Bull Racing
9214,2,Williams
9214,4,McLaren
9214,10,Alpine
9214,11,Red Bull Racing
9214,14,Aston Martin
9214,16,Ferrari
9214,18,Aston Martin
9214,20,Haas F1 Team
9214,22,AlphaTauri
9214,23,Williams
9214,24,Alfa Romeo
9214,27,Haas F1 Team
9214,31,Alpine
9214,40,AlphaTauri
9214,44,Mercedes
9214,55,Ferrari
9214,63,Mercedes
9214,77,Alfa Romeo
9214,81,McLaren
9215,1,Red Bull Racing
9215,2,Williams
9215,4,McLaren
9215,10,Alpine
9215,11,Red Bull Racing
9215,14,Aston Martin
9215,16,Ferrari
9215,18,Aston Martin
9215,20,Haas F1 Team
9215,22,AlphaTauri
9215,23,Williams
9215,24,Alfa Romeo
9215,27,Haas F1 Team
9215,31,Alpine
9215,40,AlphaTauri
9215,44,Mercedes
9215,55,Ferrari
9215,63,Mercedes
9215,77,Alfa Romeo
9215,81,McLaren
9298,81,McLaren
9298,1,Red Bull Racing
9298,2,Williams
9298,4,McLaren
9298,10,Alpine
9298,11,Red Bull Racing
9298,14,Aston Martin
9298,16,Ferrari
9298,18,Aston Martin
9298,20,Haas F1 Team
9298,22,AlphaTauri
9298,23,Williams
9298,24,Alfa Romeo
9298,27,Haas F1 Team
9298,31,Alpine
9298,40,AlphaTauri
9298,44,Mercedes
9298,55,Ferrari
9298,63,Mercedes
9298,77,Alfa Romeo
9220,1,Red Bull Racing
9220,2,Williams
9220,4,McLaren
9220,10,Alpine
9220,11,Red Bull Racing
9220,14,Aston Martin
9220,16,Ferrari
9220,18,Aston Martin
9220,20,Haas F1 Team
9220,22,AlphaTauri
9220,23,Williams
9220,24,Alfa Romeo
9220,27,Haas F1 Team
9220,31,Alpine
9220,40,AlphaTauri
9220,44,Mercedes
9220,55,Ferrari
9220,63,Mercedes
9220,77,Alfa Romeo
9220,81,McLaren
9221,1,Red Bull Racing
9221,2,Williams
9221,4,McLaren
9221,10,Alpine
9221,11,Red Bull Racing
9221,14,Aston Martin
9221,16,Ferrari
9221,18,Aston Martin
9221,20,Haas F1 Team
9221,22,AlphaTauri
9221,23,Williams
9221,24,Alfa Romeo
9221,27,Haas F1 Team
9221,31,Alpine
9221,40,AlphaTauri
9221,44,Mercedes
9221,55,Ferrari
9221,63,Mercedes
9221,77,Alfa Romeo
9221,81,McLaren
9206,1,Red Bull Racing
9206,2,Williams
9206,3,AlphaTauri
9206,4,McLaren
9206,10,Alpine
9206,11,Red Bull Racing
9206,14,Aston Martin
9206,16,Ferrari
9206,18,Aston Martin
9206,20,Haas F1 Team
9206,22,AlphaTauri
9206,23,Williams
9206,24,Alfa Romeo
9206,27,Haas F1 Team
9206,31,Alpine
9206,44,Mercedes
9206,55,Ferrari
9206,63,Mercedes
9206,77,Alfa Romeo
9206,81,McLaren
9207,1,Red Bull Racing
9207,2,Williams
9207,3,AlphaTauri
9207,4,McLaren
9207,10,Alpine
9207,11,Red Bull Racing
9207,14,Aston Martin
9207,16,Ferrari
9207,18,Aston Martin
9207,20,Haas F1 Team
9207,22,AlphaTauri
9207,23,Williams
9207,24,Alfa Romeo
9207,27,Haas F1 Team
9207,31,Alpine
9207,44,Mercedes
9207,55,Ferrari
9207,63,Mercedes
9207,77,Alfa Romeo
9207,81,McLaren
9294,1,Red Bull Racing
9294,2,Williams
9294,3,AlphaTauri
9294,4,McLaren
9294,10,Alpine
9294,11,Red Bull Racing
9294,14,Aston Martin
9294,16,Ferrari
9294,18,Aston Martin
9294,20,Haas F1 Team
9294,22,AlphaTauri
9294,23,Williams
9294,24,Alfa Romeo
9294,27,Haas F1 Team
9294,31,Alpine
9294,44,Mercedes
9294,55,Ferrari
9294,63,Mercedes
9294,77,Alfa Romeo
9294,81,McLaren
9212,1,Red Bull Racing
9212,2,Williams
9212,3,AlphaTauri
9212,4,McLaren
9212,10,Alpine
9212,11,Red Bull Racing
9212,14,Aston Martin
9212,16,Ferrari
9212,18,Aston Martin
9212,20,Haas F1 Team
9212,22,AlphaTauri
9212,23,Williams
9212,24,Alfa Romeo
9212,27,Haas F1 Team
9212,31,Alpine
9212,44,Mercedes
9212,55,Ferrari
9212,63,Mercedes
9212,77,Alfa Romeo
9212,81,McLaren
9213,1,Red Bull Racing
9213,2,Williams
9213,3,AlphaTauri
9213,4,McLaren
9213,10,Alpine
9213,11,Red Bull Racing
9213,14,Aston Martin
9213,16,Ferrari
9213,18,Aston Martin
9213,20,Haas F1 Team
9213,22,AlphaTauri
9213,23,Williams
9213,24,Alfa Romeo
9213,27,Haas F1 Team
9213,31,Alpine
9213,44,Mercedes
9213,55,Ferrari
9213,63,Mercedes
9213,77,Alfa Romeo
9213,81,McLaren
9174,1,Red Bull Racing
9174,2,Williams
9174,3,AlphaTauri
9174,4,McLaren
9174,11,Red Bull Racing
9174,14,Aston Martin
9174,16,Ferrari
9174,18,Aston Martin
9174,23,Williams
9174,24,Alfa Romeo
9174,27,Haas F1 Team
9174,31,Alpine
9174,41,AlphaTauri
9174,42,Mercedes
9174,44,Mercedes
9174,50,Haas F1 Team
9174,55,Ferrari
9174,61,Alpine
9174,81,McLaren
9174,98,Alfa Romeo
9175,1,Red Bull Racing
9175,2,Williams
9175,3,AlphaTauri
9175,4,McLaren
9175,10,Alpine
9175,11,Red Bull Racing
9175,14,Aston Martin
9175,16,Ferrari
9175,18,Aston Martin
9175,20,Haas F1 Team
9175,22,AlphaTauri
9175,23,Williams
9175,24,Alfa Romeo
9175,27,Haas F1 Team
9175,31,Alpine
9175,44,Mercedes
9175,55,Ferrari
9175,63,Mercedes
9175,77,Alfa Romeo
9175,81,McLaren
9176,1,Red Bull Racing
9176,2,Williams
9176,3,AlphaTauri
9176,4,McLaren
9176,10,Alpine
9176,11,Red Bull Racing
9176,14,Aston Martin
9176,16,Ferrari
9176,18,Aston Martin
9176,20,Haas F1 Team
9176,22,AlphaTauri
9176,23,Williams
9176,24,Alfa Romeo
9176,27,Haas F1 Team
9176,31,Alpine
9176,44,Mercedes
9176,55,Ferrari
9176,63,Mercedes
9176,77,Alfa Romeo
9176,81,McLaren
9177,1,Red Bull Racing
9177,2,Williams
9177,3,AlphaTauri
9177,4,McLaren
9177,10,Alpine
9177,11,Red Bull Racing
9177,14,Aston Martin
9177,16,Ferrari
9177,18,Aston Martin
9177,20,Haas F1 Team
9177,22,AlphaTauri
9177,23,Williams
9177,24,Alfa Romeo
9177,27,Haas F1 Team
9177,31,Alpine
9177,44,Mercedes
9177,55,Ferrari
9177,63,Mercedes
9177,77,Alfa Romeo
9177,81,McLaren
9181,1,Red Bull Racing
9181,2,Williams
9181,3,AlphaTauri
9181,4,McLaren
9181,10,Alpine
9181,11,Red Bull Racing
9181,14,Aston Martin
9181,16,Ferrari
9181,18,Aston Martin
9181,20,Haas F1 Team
9181,22,AlphaTauri
9181,23,Williams
9181,24,Alfa Romeo
9181,27,Haas F1 Team
9181,31,Alpine
9181,44,Mercedes
9181,55,Ferrari
9181,63,Mercedes
9181,77,Alfa Romeo
9181,81,McLaren
9198,1,Red Bull Racing
9198,2,Williams
9198,3,AlphaTauri
9198,4,McLaren
9198,10,Alpine
9198,11,Red Bull Racing
9198,14,Aston Martin
9198,16,Ferrari
9198,18,Aston Martin
9198,20,Haas F1 Team
9198,22,AlphaTauri
9198,23,Williams
9198,24,Alfa Romeo
9198,27,Haas F1 Team
9198,31,Alpine
9198,44,Mercedes
9198,55,Ferrari
9198,63,Mercedes
9198,77,Alfa Romeo
9198,81,McLaren
9304,1,Red Bull Racing
9304,2,Williams
9304,3,AlphaTauri
9304,4,McLaren
9304,10,Alpine
9304,11,Red Bull Racing
9304,14,Aston Martin
9304,16,Ferrari
9304,18,Aston Martin
9304,20,Haas F1 Team
9304,22,AlphaTauri
9304,23,Williams
9304,24,Alfa Romeo
9304,27,Haas F1 Team
9304,31,Alpine
9304,44,Mercedes
9304,55,Ferrari
9304,63,Mercedes
9304,77,Alfa Romeo
9304,81,McLaren
9308,1,Red Bull Racing
9308,2,Williams
9308,3,AlphaTauri
9308,4,McLaren
9308,10,Alpine
9308,11,Red Bull Racing
9308,14,Aston Martin
9308,16,Ferrari
9308,18,Aston Martin
9308,20,Haas F1 Team
9308,22,AlphaTauri
9308,23,Williams
9308,24,Alfa Romeo
9308,27,Haas F1 Team
9308,31,Alpine
9308,44,Mercedes
9308,55,Ferrari
9308,63,Mercedes
9308,77,Alfa Romeo
9308,81,McLaren
9204,1,Red Bull Racing
9204,2,Williams
9204,3,AlphaTauri
9204,4,McLaren
9204,10,Alpine
9204,11,Red Bull Racing
9204,14,Aston Martin
9204,16,Ferrari
9204,18,Aston Martin
9204,20,Haas F1 Team
9204,22,AlphaTauri
9204,23,Williams
9204,24,Alfa Romeo
9204,27,Haas F1 Team
9204,31,Alpine
9204,44,Mercedes
9204,55,Ferrari
9204,63,Mercedes
9204,77,Alfa Romeo
9204,81,McLaren
9205,1,Red Bull Racing
9205,2,Williams
9205,3,AlphaTauri
9205,4,McLaren
9205,10,Alpine
9205,11,Red Bull Racing
9205,14,Aston Martin
9205,16,Ferrari
9205,18,Aston Martin
9205,20,Haas F1 Team
9205,22,AlphaTauri
9205,23,Williams
9205,24,Alfa Romeo
9205,27,Haas F1 Team
9205,31,Alpine
9205,44,Mercedes
9205,55,Ferrari
9205,63,Mercedes
9205,77,Alfa Romeo
9205,81,McLaren
9182,1,Red Bull Racing
9182,2,Williams
9182,3,AlphaTauri
9182,4,McLaren
9182,10,Alpine
9182,11,Red Bull Racing
9182,14,Aston Martin
9182,16,Ferrari
9182,18,Aston Martin
9182,20,Haas F1 Team
9182,22,AlphaTauri
9182,23,Williams
9182,24,Alfa Romeo
9182,27,Haas F1 Team
9182,31,Alpine
9182,44,Mercedes
9182,55,Ferrari
9182,63,Mercedes
9182,77,Alfa Romeo
9182,81,McLaren
9183,1,Red Bull Racing
9183,2,Williams
9183,3,AlphaTauri
9183,4,McLaren
9183,10,Alpine
9183,11,Red Bull Racing
9183,14,Aston Martin
9183,16,Ferrari
9183,18,Aston Martin
9183,20,Haas F1 Team
9183,22,AlphaTauri
9183,23,Williams
9183,24,Alfa Romeo
9183,27,Haas F1 Team
9183,31,Alpine
9183,44,Mercedes
9183,55,Ferrari
9183,63,Mercedes
9183,77,Alfa Romeo
9183,81,McLaren
9184,1,Red Bull Racing
9184,2,Williams
9184,3,AlphaTauri
9184,4,McLaren
9184,10,Alpine
9184,11,Red Bull Racing
9184,14,Aston Martin
9184,16,Ferrari
9184,18,Aston Martin
9184,20,Haas F1 Team
9184,22,AlphaTauri
9184,23,Williams
9184,24,Alfa Romeo
9184,27,Haas F1 Team
9184,31,Alpine
9184,44,Mercedes
9184,55,Ferrari
9184,63,Mercedes
9184,77,Alfa Romeo
9184,81,McLaren
9314,1,Red Bull Racing
9314,2,Williams
9314,3,AlphaTauri
9314,4,McLaren
9314,10,Alpine
9314,11,Red Bull Racing
9314,14,Aston Martin
9314,16,Ferrari
9314,18,Aston Martin
9314,20,Haas F1 Team
9314,22,AlphaTauri
9314,23,Williams
9314,24,Alfa Romeo
9314,27,Haas F1 Team
9314,31,Alpine
9314,44,Mercedes
9314,55,Ferrari
9314,63,Mercedes
9314,77,Alfa Romeo
9314,81,McLaren
9189,1,Red Bull Racing
9189,2,Williams
9189,3,AlphaTauri
9189,4,McLaren
9189,10,Alpine
9189,11,Red Bull Racing
9189,14,Aston Martin
9189,16,Ferrari
9189,18,Aston Martin
9189,20,Haas F1 Team
9189,22,AlphaTauri
9189,23,Williams
9189,24,Alfa Romeo
9189,27,Haas F1 Team
9189,31,Alpine
9189,44,Mercedes
9189,55,Ferrari
9189,63,Mercedes
9189,77,Alfa Romeo
9189,81,McLaren
9190,2,Williams
9190,3,AlphaTauri
9190,10,Alpine
9190,18,Aston Martin
9190,20,Haas F1 Team
9190,22,AlphaTauri
9190,29,McLaren
9190,34,Aston Martin
9190,36,Red Bull Racing
9190,37,Red Bull Racing
9190,39,Ferrari
9190,42,Mercedes
9190,45,Williams
9190,50,Haas F1 Team
9190,55,Ferrari
9190,61,Alpine
9190,63,Mercedes
9190,77,Alfa Romeo
9190,81,McLaren
9190,98,Alfa Romeo
9191,1,Red Bull Racing
9191,2,Williams
9191,3,AlphaTauri
9191,4,McLaren
9191,10,Alpine
9191,11,Red Bull Racing
9191,14,Aston Martin
9191,16,Ferrari
9191,18,Aston Martin
9191,20,Haas F1 Team
9191,22,AlphaTauri
9191,23,Williams
9191,24,Alfa Romeo
9191,27,Haas F1 Team
9191,31,Alpine
9191,44,Mercedes
9191,55,Ferrari
9191,63,Mercedes
9191,77,Alfa Romeo
9191,81,McLaren
9192,1,Red Bull Racing
9192,2,Williams
9192,3,AlphaTauri
9192,4,McLaren
9192,10,Alpine
9192,11,Red Bull Racing
9192,14,Aston Martin
9192,16,Ferrari
9192,18,Aston Martin
9192,20,Haas F1 Team
9192,22,AlphaTauri
9192,23,Williams
9192,24,Alfa Romeo
9192,27,Haas F1 Team
9192,31,Alpine
9192,44,Mercedes
9192,55,Ferrari
9192,63,Mercedes
9192,77,Alfa Romeo
9192,81,McLaren
9193,1,Red Bull Racing
9193,2,Williams
9193,3,AlphaTauri
9193,4,McLaren
9193,10,Alpine
9193,11,Red Bull Racing
9193,14,Aston Martin
9193,16,Ferrari
9193,18,Aston Martin
9193,20,Haas F1 Team
9193,22,AlphaTauri
9193,23,Williams
9193,24,Alfa Romeo
9193,27,Haas F1 Team
9193,31,Alpine
9193,44,Mercedes
9193,55,Ferrari
9193,63,Mercedes
9193,77,Alfa Romeo
9193,81,McLaren
9197,1,Red Bull Racing
9197,2,Williams
9197,3,AlphaTauri
9197,4,McLaren
9197,10,Alpine
9197,11,Red Bull Racing
9197,14,Aston Martin
9197,16,Ferrari
9197,18,Aston Martin
9197,20,Haas F1 Team
9197,22,AlphaTauri
9197,23,Williams
9197,24,Alfa Romeo
9197,27,Haas F1 Team
9197,31,Alpine
9197,44,Mercedes
9197,55,Ferrari
9197,63,Mercedes
9197,77,Alfa Romeo
9197,81,McLaren
