session_key,driver_number,full_name,team_name
9222,1,Max VERSTAPPEN,Red Bull Racing
9222,2,Logan SARGEANT,Williams
9222,4,Lando NORRIS,McLaren
9222,10,Pierre GASLY,Alpine
9222,14,Fernando ALONSO,Aston Martin
9222,16,Charles LECLERC,Ferrari
9222,20,Kevin MAGNUSSEN,Haas F1 Team
9222,21,Nyck DE VRIES,AlphaTauri
9222,22,Yuki TSUNODA,AlphaTauri
9222,23,Alexander ALBON,Williams
9222,24,ZHOU Guanyu,Alfa Romeo
9222,27,Nico HULKENBERG,Haas F1 Team
9222,31,Esteban OCON,Alpine
9222,34,Felipe DRUGOVICH,Aston Martin
9222,44,Lewis HAMILTON,Mercedes
9222,55,Carlos SAINZ,Ferrari
9222,63,George RUSSELL,Mercedes
9222,77,Valtteri BOTTAS,Alfa Romeo
9222,81,Oscar PIASTRI,McLaren
7763,1,Max VERSTAPPEN,Red Bull Racing
7763,2,Logan SARGEANT,Williams
7763,4,Lando NORRIS,McLaren
7763,10,Pierre GASLY,Alpine
7763,11,Sergio PEREZ,Red Bull Racing
7763,14,Fernando ALONSO,Aston Martin
7763,16,Charles LECLERC,Ferrari
7763,20,Kevin MAGNUSSEN,Haas F1 Team
7763,21,Nyck DE VRIES,AlphaTauri
7763,22,Yuki TSUNODA,AlphaTauri
7763,24,ZHOU Guanyu,Alfa Romeo
7763,27,Nico HULKENBERG,Haas F1 Team
7763,31,Esteban OCON,Alpine
7763,44,Lewis HAMILTON,Mercedes
7763,55,Carlos SAINZ,Ferrari
7763,63,George RUSSELL,Mercedes
7763,81,Oscar PIASTRI,McLaren
7764,4,Lando NORRIS,McLaren
7764,10,Pierre GASLY,Alpine
7764,11,Sergio PEREZ,Red Bull Racing
7764,14,Fernando ALONSO,Aston Martin
7764,16,Charles LECLERC,Ferrari
7764,20,Kevin MAGNUSSEN,Haas F1 Team
7764,21,Nyck DE VRIES,AlphaTauri
7764,22,Yuki TSUNODA,AlphaTauri
7764,23,Alexander ALBON,Williams
7764,27,Nico HULKENBERG,Haas F1 Team
7764,31,Esteban OCON,Alpine
7764,34,Felipe DRUGOVICH,Aston Martin
7764,44,Lewis HAMILTON,Mercedes
7764,55,Carlos SAINZ,Ferrari
7764,63,George RUSSELL,Mercedes
7764,77,Valtteri BOTTAS,Alfa Romeo
7764,81,Oscar PIASTRI,McLaren
7765,1,Max VERSTAPPEN,Red Bull Racing
7765,2,Logan SARGEANT,Williams
7765,4,Lando NORRIS,McLaren
7765,10,Pierre GASLY,Alpine
7765,11,Sergio PEREZ,Red Bull Racing
7765,14,Fernando ALONSO,Aston Martin
7765,16,Charles LECLERC,Ferrari
7765,18,Lance STROLL,Aston Martin
7765,20,Kevin MAGNUSSEN,Haas F1 Team
7765,21,Nyck DE VRIES,AlphaTauri
7765,22,Yuki TSUNODA,AlphaTauri
7765,23,Alexander ALBON,Williams
7765,24,ZHOU Guanyu,Alfa Romeo
7765,27,Nico HULKENBERG,Haas F1 Team
7765,31,Esteban OCON,Alpine
7765,44,Lewis HAMILTON,Mercedes
7765,55,Carlos SAINZ,Ferrari
7765,63,George RUSSELL,Mercedes
7765,77,Valtteri BOTTAS,Alfa Romeo
7765,81,Oscar PIASTRI,McLaren
7766,1,Max VERSTAPPEN,Red Bull Racing
7766,2,Logan SARGEANT,Williams
7766,4,Lando NORRIS,McLaren
7766,10,Pierre GASLY,Alpine
7766,11,Sergio PEREZ,Red Bull Racing
7766,14,Fernando ALONSO,Aston Martin
7766,16,Charles LECLERC,Ferrari
7766,18,Lance STROLL,Aston Martin
7766,20,Kevin MAGNUSSEN,Haas F1 Team
7766,21,Nyck DE VRIES,AlphaTauri
7766,22,Yuki TSUNODA,AlphaTauri
7766,23,Alexander ALBON,Williams
7766,24,ZHOU Guanyu,Alfa Romeo
7766,27,Nico HULKENBERG,Haas F1 Team
7766,31,Esteban OCON,Alpine
7766,44,Lewis HAMILTON,Mercedes
7766,55,Carlos SAINZ,Ferrari
7766,63,George RUSSELL,Mercedes
7766,77,Valtteri BOTTAS,Alfa Romeo
7766,81,Oscar PIASTRI,McLaren
7767,1,Max VERSTAPPEN,Red Bull Racing
7767,2,Logan SARGEANT,Williams
7767,4,Lando NORRIS,McLaren
7767,10,Pierre GASLY,Alpine
7767,11,Sergio PEREZ,Red Bull Racing
7767,14,Fernando ALONSO,Aston Martin
7767,16,Charles LECLERC,Ferrari
7767,18,Lance STROLL,Aston Martin
7767,20,Kevin MAGNUSSEN,Haas F1 Team
7767,21,Nyck DE VRIES,AlphaTauri
7767,22,Yuki TSUNODA,AlphaTauri
7767,23,Alexander ALBON,Williams
7767,24,ZHOU Guanyu,Alfa Romeo
7767,27,Nico HULKENBERG,Haas F1 Team
7767,31,Esteban OCON,Alpine
7767,44,Lewis HAMILTON,Mercedes
7767,55,Carlos SAINZ,Ferrari
7767,63,George RUSSELL,Mercedes
7767,77,Valtteri BOTTAS,Alfa Romeo
7767,81,Oscar PIASTRI,McLaren
7768,1,Max VERSTAPPEN,Red Bull Racing
7768,2,Logan SARGEANT,Williams
7768,4,Lando NORRIS,McLaren
7768,10,Pierre GASLY,Alpine
7768,11,Sergio PEREZ,Red Bull Racing
7768,14,Fernando ALONSO,Aston Martin
7768,16,Charles LECLERC,Ferrari
7768,18,Lance STROLL,Aston Martin
7768,20,Kevin MAGNUSSEN,Haas F1 Team
7768,21,Nyck DE VRIES,AlphaTauri
7768,22,Yuki TSUNODA,AlphaTauri
7768,23,Alexander ALBON,Williams
7768,24,ZHOU Guanyu,Alfa Romeo
7768,27,Nico HULKENBERG,Haas F1 Team
7768,31,Esteban OCON,Alpine
7768,44,Lewis HAMILTON,Mercedes
7768,55,Carlos SAINZ,Ferrari
7768,63,George RUSSELL,Mercedes
7768,77,Valtteri BOTTAS,Alfa Romeo
7768,81,Oscar PIASTRI,McLaren
7953,1,Max VERSTAPPEN,Red Bull Racing
7953,2,Logan SARGEANT,Williams
7953,4,Lando NORRIS,McLaren
7953,10,Pierre GASLY,Alpine
7953,11,Sergio PEREZ,Red Bull Racing
7953,14,Fernando ALONSO,Aston Martin
7953,16,Charles LECLERC,Ferrari
7953,18,Lance STROLL,Aston Martin
7953,20,Kevin MAGNUSSEN,Haas F1 Team
7953,21,Nyck DE VRIES,AlphaTauri
7953,22,Yuki TSUNODA,AlphaTauri
7953,23,Alexander ALBON,Williams
7953,24,ZHOU Guanyu,Alfa Romeo
7953,27,Nico HULKENBERG,Haas F1 Team
7953,31,Esteban OCON,Alpine
7953,44,Lewis HAMILTON,Mercedes
7953,55,Carlos SAINZ,Ferrari
7953,63,George RUSSELL,Mercedes
7953,77,Valtteri BOTTAS,Alfa Romeo
7953,81,Oscar PIASTRI,McLaren
7772,1,Max VERSTAPPEN,Red Bull Racing
7772,2,Logan SARGEANT,Williams
7772,4,Lando NORRIS,McLaren
7772,10,Pierre GASLY,Alpine
7772,11,Sergio PEREZ,Red Bull Racing
7772,14,Fernando ALONSO,Aston Martin
7772,16,Charles LECLERC,Ferrari
7772,18,Lance STROLL,Aston Martin
7772,20,Kevin MAGNUSSEN,Haas F1 Team
7772,21,Nyck DE VRIES,AlphaTauri
7772,22,Yuki TSUNODA,AlphaTauri
7772,23,Alexander ALBON,Williams
7772,24,ZHOU Guanyu,Alfa Romeo
7772,27,Nico HULKENBERG,Haas F1 Team
7772,31,Esteban OCON,Alpine
7772,44,Lewis HAMILTON,Mercedes
7772,55,Carlos SAINZ,Ferrari
7772,63,George RUSSELL,Mercedes
7772,77,Valtteri BOTTAS,Alfa Romeo
7772,81,Oscar PIASTRI,McLaren
7773,1,Max VERSTAPPEN,Red Bull Racing
7773,2,Logan SARGEANT,Williams
7773,4,Lando NORRIS,McLaren
7773,10,Pierre GASLY,Alpine
7773,11,Sergio PEREZ,Red Bull Racing
7773,14,Fernando ALONSO,Aston Martin
7773,16,Charles LECLERC,Ferrari
7773,18,Lance STROLL,Aston Martin
7773,20,Kevin MAGNUSSEN,Haas F1 Team
7773,21,Nyck DE VRIES,AlphaTauri
7773,22,Yuki TSUNODA,AlphaTauri
7773,23,Alexander ALBON,Williams
7773,24,ZHOU Guanyu,Alfa Romeo
7773,27,Nico HULKENBERG,Haas F1 Team
7773,31,Esteban OCON,Alpine
7773,44,Lewis HAMILTON,Mercedes
7773,55,Carlos SAINZ,Ferrari
7773,63,George RUSSELL,Mercedes
7773,77,Valtteri BOTTAS,Alfa Romeo
7773,81,Oscar PIASTRI,McLaren
7774,1,Max VERSTAPPEN,Red Bull Racing
7774,2,Logan SARGEANT,Williams
7774,4,Lando NORRIS,McLaren
7774,10,Pierre GASLY,Alpine
7774,11,Sergio PEREZ,Red Bull Racing
7774,14,Fernando ALONSO,Aston Martin
7774,16,Charles LECLERC,Ferrari
7774,18,Lance STROLL,Aston Martin
7774,20,Kevin MAGNUSSEN,Haas F1 Team
7774,21,Nyck DE VRIES,AlphaTauri
7774,22,Yuki TSUNODA,AlphaTauri
7774,23,Alexander ALBON,Williams
7774,24,ZHOU Guanyu,Alfa Romeo
7774,27,Nico HULKENBERG,Haas F1 Team
7774,31,Esteban OCON,Alpine
7774,44,Lewis HAMILTON,Mercedes
7774,55,Carlos SAINZ,Ferrari
7774,63,George RUSSELL,Mercedes
7774,77,Valtteri BOTTAS,Alfa Romeo
7774,81,Oscar PIASTRI,McLaren
7775,1,Max VERSTAPPEN,Red Bull Racing
7775,2,Logan SARGEANT,Williams
7775,4,Lando NORRIS,McLaren
7775,10,Pierre GASLY,Alpine
7775,11,Sergio PEREZ,Red Bull Racing
7775,14,Fernando ALONSO,Aston Martin
7775,16,Charles LECLERC,Ferrari
7775,18,Lance STROLL,Aston Martin
7775,20,Kevin MAGNUSSEN,Haas F1 Team
7775,21,Nyck DE VRIES,AlphaTauri
7775,22,Yuki TSUNODA,AlphaTauri
7775,23,Alexander ALBON,Williams
7775,24,ZHOU Guanyu,Alfa Romeo
7775,27,Nico HULKENBERG,Haas F1 Team
7775,31,Esteban OCON,Alpine
7775,44,Lewis HAMILTON,Mercedes
7775,55,Carlos SAINZ,Ferrari
7775,63,George RUSSELL,Mercedes
7775,77,Valtteri BOTTAS,Alfa Romeo
7775,81,Oscar PIASTRI,McLaren
7779,1,Max VERSTAPPEN,Red Bull Racing
7779,2,Logan SARGEANT,Williams
7779,4,Lando NORRIS,McLaren
7779,10,Pierre GASLY,Alpine
7779,11,Sergio PEREZ,Red Bull Racing
7779,14,Fernando ALONSO,Aston Martin
7779,16,Charles LECLERC,Ferrari
7779,18,Lance STROLL,Aston Martin
7779,20,Kevin MAGNUSSEN,Haas F1 Team
7779,21,Nyck DE VRIES,AlphaTauri
7779,22,Yuki TSUNODA,AlphaTauri
7779,23,Alexander ALBON,Williams
7779,24,ZHOU Guanyu,Alfa Romeo
7779,27,Nico HULKENBERG,Haas F1 Team
7779,31,Esteban OCON,Alpine
7779,44,Lewis HAMILTON,Mercedes
7779,55,Carlos SAINZ,Ferrari
7779,63,George RUSSELL,Mercedes
7779,77,Valtteri BOTTAS,Alfa Romeo
7779,81,Oscar PIASTRI,McLaren
7780,1,Max VERSTAPPEN,Red Bull Racing
7780,2,Logan SARGEANT,Williams
7780,4,Lando NORRIS,McLaren
7780,10,Pierre GASLY,Alpine
7780,11,Sergio PEREZ,Red Bull Racing
7780,14,Fernando ALONSO,Aston Martin
7780,16,Charles LECLERC,Ferrari
7780,18,Lance STROLL,Aston Martin
7780,20,Kevin MAGNUSSEN,Haas F1 Team
7780,21,Nyck DE VRIES,AlphaTauri
7780,22,Yuki TSUNODA,AlphaTauri
7780,23,Alexander ALBON,Williams
7780,24,ZHOU Guanyu,Alfa Romeo
7780,27,Nico HULKENBERG,Haas F1 Team
7780,31,Esteban OCON,Alpine
7780,44,Lewis HAMILTON,Mercedes
7780,55,Carlos SAINZ,Ferrari
7780,63,George RUSSELL,Mercedes
7780,77,Valtteri BOTTAS,Alfa Romeo
7780,81,Oscar PIASTRI,McLaren
7781,1,Max VERSTAPPEN,Red Bull Racing
7781,2,Logan SARGEANT,Williams
7781,4,Lando NORRIS,McLaren
7781,10,Pierre GASLY,Alpine
7781,11,Sergio PEREZ,Red Bull Racing
7781,14,Fernando ALONSO,Aston Martin
7781,16,Charles LECLERC,Ferrari
7781,18,Lance STROLL,Aston Martin
7781,20,Kevin MAGNUSSEN,Haas F1 Team
7781,21,Nyck DE VRIES,AlphaTauri
7781,22,Yuki TSUNODA,AlphaTauri
7781,23,Alexander ALBON,Williams
7781,24,ZHOU Guanyu,Alfa Romeo
7781,27,Nico HULKENBERG,Haas F1 Team
7781,31,Esteban OCON,Alpine
7781,44,Lewis HAMILTON,Mercedes
7781,55,Carlos SAINZ,Ferrari
7781,63,George RUSSELL,Mercedes
7781,77,Valtteri BOTTAS,Alfa Romeo
7781,81,Oscar PIASTRI,McLaren
7782,1,Max VERSTAPPEN,Red Bull Racing
7782,2,Logan SARGEANT,Williams
7782,4,Lando NORRIS,McLaren
7782,10,Pierre GASLY,Alpine
7782,11,Sergio PEREZ,Red Bull Racing
7782,14,Fernando ALONSO,Aston Martin
7782,16,Charles LECLERC,Ferrari
7782,18,Lance STROLL,Aston Martin
7782,20,Kevin MAGNUSSEN,Haas F1 Team
7782,21,Nyck DE VRIES,AlphaTauri
7782,22,Yuki TSUNODA,AlphaTauri
7782,23,Alexander ALBON,Williams
7782,24,ZHOU Guanyu,Alfa Romeo
7782,27,Nico HULKENBERG,Haas F1 Team
7782,31,Esteban OCON,Alpine
7782,44,Lewis HAMILTON,Mercedes
7782,55,Carlos SAINZ,Ferrari
7782,63,George RUSSELL,Mercedes
7782,77,Valtteri BOTTAS,Alfa Romeo
7782,81,Oscar PIASTRI,McLaren
7783,1,Max VERSTAPPEN,Red Bull Racing
7783,2,Logan SARGEANT,Williams
7783,4,Lando NORRIS,McLaren
7783,10,Pierre GASLY,Alpine
7783,11,Sergio PEREZ,Red Bull Racing
7783,14,Fernando ALONSO,Aston Martin
7783,16,Charles LECLERC,Ferrari
7783,18,Lance STROLL,Aston Martin
7783,20,Kevin MAGNUSSEN,Haas F1 Team
7783,21,Nyck DE VRIES,AlphaTauri
7783,22,Yuki TSUNODA,AlphaTauri
7783,23,Alexander ALBON,Williams
7783,24,ZHOU Guanyu,Alfa Romeo
7783,27,Nico HULKENBERG,Haas F1 Team
7783,31,Esteban OCON,Alpine
7783,44,Lewis HAMILTON,Mercedes
7783,55,Carlos SAINZ,Ferrari
7783,63,George RUSSELL,Mercedes
7783,77,Valtteri BOTTAS,Alfa Romeo
7783,81,Oscar PIASTRI,McLaren
7787,1,Max VERSTAPPEN,Red Bull Racing
7787,2,Logan SARGEANT,Williams
7787,4,Lando NORRIS,McLaren
7787,10,Pierre GASLY,Alpine
7787,11,Sergio PEREZ,Red Bull Racing
7787,14,Fernando ALONSO,Aston Martin
7787,16,Charles LECLERC,Ferrari
7787,18,Lance STROLL,Aston Martin
7787,20,Kevin MAGNUSSEN,Haas F1 Team
7787,21,Nyck DE VRIES,AlphaTauri
7787,22,Yuki TSUNODA,AlphaTauri
7787,23,Alexander ALBON,Williams
7787,24,ZHOU Guanyu,Alfa Romeo
7787,27,Nico HULKENBERG,Haas F1 Team
7787,31,Esteban OCON,Alpine
7787,44,Lewis HAMILTON,Mercedes
7787,55,Carlos SAINZ,Ferrari
7787,63,George RUSSELL,Mercedes
7787,77,Valtteri BOTTAS,Alfa Romeo
7787,81,Oscar PIASTRI,McLaren
9063,1,Max VERSTAPPEN,Red Bull Racing
9063,2,Logan SARGEANT,Williams
9063,4,Lando NORRIS,McLaren
9063,10,Pierre GASLY,Alpine
9063,11,Sergio PEREZ,Red Bull Racing
9063,14,Fernando ALONSO,Aston Martin
9063,16,Charles LECLERC,Ferrari
9063,18,Lance STROLL,Aston Martin
9063,20,Kevin MAGNUSSEN,Haas F1 Team
9063,21,Nyck DE VRIES,AlphaTauri
9063,22,Yuki TSUNODA,AlphaTauri
9063,23,Alexander ALBON,Williams
9063,24,ZHOU Guanyu,Alfa Romeo
9063,27,Nico HULKENBERG,Haas F1 Team
9063,31,Esteban OCON,Alpine
9063,44,Lewis HAMILTON,Mercedes
9063,55,Carlos SAINZ,Ferrari
9063,63,George RUSSELL,Mercedes
9063,77,Valtteri BOTTAS,Alfa Romeo
9063,81,Oscar PIASTRI,McLaren
9064,1,Max VERSTAPPEN,Red Bull Racing
9064,2,Logan SARGEANT,Williams
9064,4,Lando NORRIS,McLaren
9064,10,Pierre GASLY,Alpine
9064,11,Sergio PEREZ,Red Bull Racing
9064,14,Fernando ALONSO,Aston Martin
9064,16,Charles LECLERC,Ferrari
9064,18,Lance STROLL,Aston Martin
9064,20,Kevin MAGNUSSEN,Haas F1 Team
9064,21,Nyck DE VRIES,AlphaTauri
9064,22,Yuki TSUNODA,AlphaTauri
9064,23,Alexander ALBON,Williams
9064,24,ZHOU Guanyu,Alfa Romeo
9064,27,Nico HULKENBERG,Haas F1 Team
9064,31,Esteban OCON,Alpine
9064,44,Lewis HAMILTON,Mercedes
9064,55,Carlos SAINZ,Ferrari
9064,63,George RUSSELL,Mercedes
9064,77,Valtteri BOTTAS,Alfa Romeo
9064,81,Oscar PIASTRI,McLaren
9278,1,Max VERSTAPPEN,Red Bull Racing
9278,2,Logan SARGEANT,Williams
9278,4,Lando NORRIS,McLaren
9278,10,Pierre GASLY,Alpine
9278,11,Sergio PEREZ,Red Bull Racing
9278,14,Fernando ALONSO,Aston Martin
9278,16,Charles LECLERC,Ferrari
9278,18,Lance STROLL,Aston Martin
9278,20,Kevin MAGNUSSEN,Haas F1 Team
9278,21,Nyck DE VRIES,AlphaTauri
9278,22,Yuki TSUNODA,AlphaTauri
9278,23,Alexander ALBON,Williams
9278,24,ZHOU Guanyu,Alfa Romeo
9278,27,Nico HULKENBERG,Haas F1 Team
9278,31,Esteban OCON,Alpine
9278,44,Lewis HAMILTON,Mercedes
9278,55,Carlos SAINZ,Ferrari
9278,63,George RUSSELL,Mercedes
9278,77,Valtteri BOTTAS,Alfa Romeo
9278,81,Oscar PIASTRI,McLaren
9069,1,Max VERSTAPPEN,Red Bull Racing
9069,4,Lando NORRIS,McLaren
9069,10,Pierre GASLY,Alpine
9069,11,Sergio PEREZ,Red Bull Racing
9069,14,Fernando ALONSO,Aston Martin
9069,16,Charles LECLERC,Ferrari
9069,18,Lance STROLL,Aston Martin
9069,20,Kevin MAGNUSSEN,Haas F1 Team
9069,21,Nyck DE VRIES,AlphaTauri
9069,22,Yuki TSUNODA,AlphaTauri
9069,23,Alexander ALBON,Williams
9069,24,ZHOU Guanyu,Alfa Romeo
9069,27,Nico HULKENBERG,Haas F1 Team
9069,31,Esteban OCON,Alpine
9069,44,Lewis HAMILTON,Mercedes
9069,55,Carlos SAINZ,Ferrari
9069,63,George RUSSELL,Mercedes
9069,77,Valtteri BOTTAS,Alfa Romeo
9069,81,Oscar PIASTRI,McLaren
9070,1,Max VERSTAPPEN,Red Bull Racing
9070,2,Logan SARGEANT,Williams
9070,4,Lando NORRIS,McLaren
9070,10,Pierre GASLY,Alpine
9070,11,Sergio PEREZ,Red Bull Racing
9070,14,Fernando ALONSO,Aston Martin
9070,16,Charles LECLERC,Ferrari
9070,18,Lance STROLL,Aston Martin
9070,20,Kevin MAGNUSSEN,Haas F1 Team
9070,21,Nyck DE VRIES,AlphaTauri
9070,22,Yuki TSUNODA,AlphaTauri
9070,23,Alexander ALBON,Williams
9070,24,ZHOU Guanyu,Alfa Romeo
9070,27,Nico HULKENBERG,Haas F1 Team
9070,31,Esteban OCON,Alpine
9070,44,Lewis HAMILTON,Mercedes
9070,55,Carlos SAINZ,Ferrari
9070,63,George RUSSELL,Mercedes
9070,77,Valtteri BOTTAS,Alfa Romeo
9070,81,Oscar PIASTRI,McLaren
9071,1,Max VERSTAPPEN,Red Bull Racing
9071,2,Logan SARGEANT,Williams
9071,4,Lando NORRIS,McLaren
9071,10,Pierre GASLY,Alpine
9071,11,Sergio PEREZ,Red Bull Racing
9071,14,Fernando ALONSO,Aston Martin
9071,16,Charles LECLERC,Ferrari
9071,18,Lance STROLL,Aston Martin
9071,20,Kevin MAGNUSSEN,Haas F1 Team
9071,21,Nyck DE VRIES,AlphaTauri
9071,22,Yuki TSUNODA,AlphaTauri
9071,23,Alexander ALBON,Williams
9071,24,ZHOU Guanyu,Alfa Romeo
9071,27,Nico HULKENBERG,Haas F1 Team
9071,31,Esteban OCON,Alpine
9071,44,Lewis HAMILTON,Mercedes
9071,55,Carlos SAINZ,Ferrari
9071,63,George RUSSELL,Mercedes
9071,77,Valtteri BOTTAS,Alfa Romeo
9071,81,Oscar PIASTRI,McLaren
9072,1,Max VERSTAPPEN,Red Bull Racing
9072,2,Logan SARGEANT,Williams
9072,4,Lando NORRIS,McLaren
9072,10,Pierre GASLY,Alpine
9072,11,Sergio PEREZ,Red Bull Racing
9072,14,Fernando ALONSO,Aston Martin
9072,16,Charles LECLERC,Ferrari
9072,18,Lance STROLL,Aston Martin
9072,20,Kevin MAGNUSSEN,Haas F1 Team
9072,21,Nyck DE VRIES,AlphaTauri
9072,22,Yuki TSUNODA,AlphaTauri
9072,23,Alexander ALBON,Williams
9072,24,ZHOU Guanyu,Alfa Romeo
9072,27,Nico HULKENBERG,Haas F1 Team
9072,31,Esteban OCON,Alpine
9072,44,Lewis HAMILTON,Mercedes
9072,55,Carlos SAINZ,Ferrari
9072,63,George RUSSELL,Mercedes
9072,77,Valtteri BOTTAS,Alfa Romeo
9072,81,Oscar PIASTRI,McLaren
9073,1,Max VERSTAPPEN,Red Bull Racing
9073,2,Logan SARGEANT,Williams
9073,4,Lando NORRIS,McLaren
9073,10,Pierre GASLY,Alpine
9073,11,Sergio PEREZ,Red Bull Racing
9073,14,Fernando ALONSO,Aston Martin
9073,16,Charles LECLERC,Ferrari
9073,18,Lance STROLL,Aston Martin
9073,20,Kevin MAGNUSSEN,Haas F1 Team
9073,21,Nyck DE VRIES,AlphaTauri
9073,22,Yuki TSUNODA,AlphaTauri
9073,23,Alexander ALBON,Williams
9073,24,ZHOU Guanyu,Alfa Romeo
9073,27,Nico HULKENBERG,Haas F1 Team
9073,31,Esteban OCON,Alpine
9073,44,Lewis HAMILTON,Mercedes
9073,55,Carlos SAINZ,Ferrari
9073,63,George RUSSELL,Mercedes
9073,77,Valtteri BOTTAS,Alfa Romeo
9073,81,Oscar PIASTRI,McLaren
9074,1,Max VERSTAPPEN,Red Bull Racing
9074,2,Logan SARGEANT,Williams
9074,4,Lando NORRIS,McLaren
9074,10,Pierre GASLY,Alpine
9074,11,Sergio PEREZ,Red Bull Racing
9074,14,Fernando ALONSO,Aston Martin
9074,16,Charles LECLERC,Ferrari
9074,18,Lance STROLL,Aston Martin
9074,20,Kevin MAGNUSSEN,Haas F1 Team
9074,21,Nyck DE VRIES,AlphaTauri
9074,22,Yuki TSUNODA,AlphaTauri
9074,23,Alexander ALBON,Williams
9074,24,ZHOU Guanyu,Alfa Romeo
9074,27,Nico HULKENBERG,Haas F1 Team
9074,31,Esteban OCON,Alpine
9074,44,Lewis HAMILTON,Mercedes
9074,55,Carlos SAINZ,Ferrari
9074,63,George RUSSELL,Mercedes
9074,77,Valtteri BOTTAS,Alfa Romeo
9074,81,Oscar PIASTRI,McLaren
9078,1,Max VERSTAPPEN,Red Bull Racing
9078,2,Logan SARGEANT,Williams
9078,4,Lando NORRIS,McLaren
9078,10,Pierre GASLY,Alpine
9078,11,Sergio PEREZ,Red Bull Racing
9078,14,Fernando ALONSO,Aston Martin
9078,16,Charles LECLERC,Ferrari
9078,18,Lance STROLL,Aston Martin
9078,20,Kevin MAGNUSSEN,Haas F1 Team
9078,21,Nyck DE VRIES,AlphaTauri
9078,22,Yuki TSUNODA,AlphaTauri
9078,23,Alexander ALBON,Williams
9078,24,ZHOU Guanyu,Alfa Romeo
9078,27,Nico HULKENBERG,Haas F1 Team
9078,31,Esteban OCON,Alpine
9078,44,Lewis HAMILTON,Mercedes
9078,55,Carlos SAINZ,Ferrari
9078,63,George RUSSELL,Mercedes
9078,77,Valtteri BOTTAS,Alfa Romeo
9078,81,Oscar PIASTRI,McLaren
9087,1,Max VERSTAPPEN,Red Bull Racing
9087,2,Logan SARGEANT,Williams
9087,4,Lando NORRIS,McLaren
9087,10,Pierre GASLY,Alpine
9087,11,Sergio PEREZ,Red Bull Racing
9087,14,Fernando ALONSO,Aston Martin
9087,16,Charles LECLERC,Ferrari
9087,18,Lance STROLL,Aston Martin
9087,20,Kevin MAGNUSSEN,Haas F1 Team
9087,21,Nyck DE VRIES,AlphaTauri
9087,22,Yuki TSUNODA,AlphaTauri
9087,23,Alexander ALBON,Williams
9087,24,ZHOU Guanyu,Alfa Romeo
9087,27,Nico HULKENBERG,Haas F1 Team
9087,31,Esteban OCON,Alpine
9087,44,Lewis HAMILTON,Mercedes
9087,55,Carlos SAINZ,Ferrari
9087,63,George RUSSELL,Mercedes
9087,77,Valtteri BOTTAS,Alfa Romeo
9087,81,Oscar PIASTRI,McLaren
9088,1,Max VERSTAPPEN,Red Bull Racing
9088,2,Logan SARGEANT,Williams
9088,4,Lando NORRIS,McLaren
9088,10,Pierre GASLY,Alpine
9088,11,Sergio PEREZ,Red Bull Racing
9088,14,Fernando ALONSO,Aston Martin
9088,16,Charles LECLERC,Ferrari
9088,18,Lance STROLL,Aston Martin
9088,20,Kevin MAGNUSSEN,Haas F1 Team
9088,21,Nyck DE VRIES,AlphaTauri
9088,22,Yuki TSUNODA,AlphaTauri
9088,23,Alexander ALBON,Williams
9088,24,ZHOU Guanyu,Alfa Romeo
9088,27,Nico HULKENBERG,Haas F1 Team
9088,31,Esteban OCON,Alpine
9088,44,Lewis HAMILTON,Mercedes
9088,55,Carlos SAINZ,Ferrari
9088,63,George RUSSELL,Mercedes
9088,77,Valtteri BOTTAS,Alfa Romeo
9088,81,Oscar PIASTRI,McLaren
9089,1,Max VERSTAPPEN,Red Bull Racing
9089,2,Logan SARGEANT,Williams
9089,4,Lando NORRIS,McLaren
9089,10,Pierre GASLY,Alpine
9089,11,Sergio PEREZ,Red Bull Racing
9089,14,Fernando ALONSO,Aston Martin
9089,16,Charles LECLERC,Ferrari
9089,18,Lance STROLL,Aston Martin
9089,20,Kevin MAGNUSSEN,Haas F1 Team
9089,21,Nyck DE VRIES,AlphaTauri
9089,22,Yuki TSUNODA,AlphaTauri
9089,23,Alexander ALBON,Williams
9089,24,ZHOU Guanyu,Alfa Romeo
9089,27,Nico HULKENBERG,Haas F1 Team
9089,31,Esteban OCON,Alpine
9089,44,Lewis HAMILTON,Mercedes
9089,55,Carlos SAINZ,Ferrari
9089,63,George RUSSELL,Mercedes
9089,77,Valtteri BOTTAS,Alfa Romeo
9089,81,Oscar PIASTRI,McLaren
9090,1,Max VERSTAPPEN,Red Bull Racing
9090,2,Logan SARGEANT,Williams
9090,4,Lando NORRIS,McLaren
9090,10,Pierre GASLY,Alpine
9090,11,Sergio PEREZ,Red Bull Racing
9090,14,Fernando ALONSO,Aston Martin
9090,16,Charles LECLERC,Ferrari
9090,18,Lance STROLL,Aston Martin
9090,20,Kevin MAGNUSSEN,Haas F1 Team
9090,21,Nyck DE VRIES,AlphaTauri
9090,22,Yuki TSUNODA,AlphaTauri
9090,23,Alexander ALBON,Williams
9090,24,ZHOU Guanyu,Alfa Romeo
9090,27,Nico HULKENBERG,Haas F1 Team
9090,31,Esteban OCON,Alpine
9090,44,Lewis HAMILTON,Mercedes
9090,55,Carlos SAINZ,Ferrari
9090,63,George RUSSELL,Mercedes
9090,77,Valtteri BOTTAS,Alfa Romeo
9090,81,Oscar PIASTRI,McLaren
9094,1,Max VERSTAPPEN,Red Bull Racing
9094,2,Logan SARGEANT,Williams
9094,4,Lando NORRIS,McLaren
9094,10,Pierre GASLY,Alpine
9094,11,Sergio PEREZ,Red Bull Racing
9094,14,Fernando ALONSO,Aston Martin
9094,16,Charles LECLERC,Ferrari
9094,18,Lance STROLL,Aston Martin
9094,20,Kevin MAGNUSSEN,Haas F1 Team
9094,21,Nyck DE VRIES,AlphaTauri
9094,22,Yuki TSUNODA,AlphaTauri
9094,23,Alexander ALBON,Williams
9094,24,ZHOU Guanyu,Alfa Romeo
9094,27,Nico HULKENBERG,Haas F1 Team
9094,31,Esteban OCON,Alpine
9094,44,Lewis HAMILTON,Mercedes
9094,55,Carlos SAINZ,Ferrari
9094,63,George RUSSELL,Mercedes
9094,77,Valtteri BOTTAS,Alfa Romeo
9094,81,Oscar PIASTRI,McLaren
9095,1,Max VERSTAPPEN,Red Bull Racing
9095,2,Logan SARGEANT,Williams
9095,4,Lando NORRIS,McLaren
9095,10,Pierre GASLY,Alpine
9095,11,Sergio PEREZ,Red Bull Racing
9095,14,Fernando ALONSO,Aston Martin
9095,16,Charles LECLERC,Ferrari
9095,18,Lance STROLL,Aston Martin
9095,20,Kevin MAGNUSSEN,Haas F1 Team
9095,21,Nyck DE VRIES,AlphaTauri
9095,22,Yuki TSUNODA,AlphaTauri
9095,23,Alexander ALBON,Williams
9095,24,ZHOU Guanyu,Alfa Romeo
9095,27,Nico HULKENBERG,Haas F1 Team
9095,31,Esteban OCON,Alpine
9095,44,Lewis HAMILTON,Mercedes
9095,55,Carlos SAINZ,Ferrari
9095,63,George RUSSELL,Mercedes
9095,77,Valtteri BOTTAS,Alfa Romeo
9095,81,Oscar PIASTRI,McLaren
9096,1,Max VERSTAPPEN,Red Bull Racing
9096,2,Logan SARGEANT,Williams
9096,4,Lando NORRIS,McLaren
9096,10,Pierre GASLY,Alpine
9096,11,Sergio PEREZ,Red Bull Racing
9096,14,Fernando ALONSO,Aston Martin
9096,16,Charles LECLERC,Ferrari
9096,18,Lance STROLL,Aston Martin
9096,20,Kevin MAGNUSSEN,Haas F1 Team
9096,21,Nyck DE VRIES,AlphaTauri
9096,22,Yuki TSUNODA,AlphaTauri
9096,23,Alexander ALBON,Williams
9096,24,ZHOU Guanyu,Alfa Romeo
9096,27,Nico HULKENBERG,Haas F1 Team
9096,31,Esteban OCON,Alpine
9096,44,Lewis HAMILTON,Mercedes
9096,55,Carlos SAINZ,Ferrari
9096,63,George RUSSELL,Mercedes
9096,77,Valtteri BOTTAS,Alfa Romeo
9096,81,Oscar PIASTRI,McLaren
9097,1,Max VERSTAPPEN,Red Bull Racing
9097,2,Logan SARGEANT,Williams
9097,4,Lando NORRIS,McLaren
9097,10,Pierre GASLY,Alpine
9097,11,Sergio PEREZ,Red Bull Racing
9097,14,Fernando ALONSO,Aston Martin
9097,16,Charles LECLERC,Ferrari
9097,18,Lance STROLL,Aston Martin
9097,20,Kevin MAGNUSSEN,Haas F1 Team
9097,21,Nyck DE VRIES,AlphaTauri
9097,22,Yuki TSUNODA,AlphaTauri
9097,23,Alexander ALBON,Williams
9097,24,ZHOU Guanyu,Alfa Romeo
9097,27,Nico HULKENBERG,Haas F1 Team
9097,31,Esteban OCON,Alpine
9097,44,Lewis HAMILTON,Mercedes
9097,55,Carlos SAINZ,Ferrari
9097,63,George RUSSELL,Mercedes
9097,77,Valtteri BOTTAS,Alfa Romeo
9097,81,Oscar PIASTRI,McLaren
9098,1,Max VERSTAPPEN,Red Bull Racing
9098,2,Logan SARGEANT,Williams
9098,4,Lando NORRIS,McLaren
9098,10,Pierre GASLY,Alpine
9098,11,Sergio PEREZ,Red Bull Racing
9098,14,Fernando ALONSO,Aston Martin
9098,16,Charles LECLERC,Ferrari
9098,18,Lance STROLL,Aston Martin
9098,20,Kevin MAGNUSSEN,Haas F1 Team
9098,21,Nyck DE VRIES,AlphaTauri
9098,22,Yuki TSUNODA,AlphaTauri
9098,23,Alexander ALBON,Williams
9098,24,ZHOU Guanyu,Alfa Romeo
9098,27,Nico HULKENBERG,Haas F1 Team
9098,31,Esteban OCON,Alpine
9098,44,Lewis HAMILTON,Mercedes
9098,55,Carlos SAINZ,Ferrari
9098,63,George RUSSELL,Mercedes
9098,77,Valtteri BOTTAS,Alfa Romeo
9098,81,Oscar PIASTRI,McLaren
9102,1,Max VERSTAPPEN,Red Bull Racing
9102,2,Logan SARGEANT,Williams
9102,4,Lando NORRIS,McLaren
9102,10,Pierre GASLY,Alpine
9102,11,Sergio PEREZ,Red Bull Racing
9102,14,Fernando ALONSO,Aston Martin
9102,16,Charles LECLERC,Ferrari
9102,18,Lance STROLL,Aston Martin
9102,20,Kevin MAGNUSSEN,Haas F1 Team
9102,21,Nyck DE VRIES,AlphaTauri
9102,22,Yuki TSUNODA,AlphaTauri
9102,23,Alexander ALBON,Williams
9102,24,ZHOU Guanyu,Alfa Romeo
9102,27,Nico HULKENBERG,Haas F1 Team
9102,31,Esteban OCON,Alpine
9102,44,Lewis HAMILTON,Mercedes
9102,55,Carlos SAINZ,Ferrari
9102,63,George RUSSELL,Mercedes
9102,77,Valtteri BOTTAS,Alfa Romeo
9102,81,Oscar PIASTRI,McLaren
9103,1,Max VERSTAPPEN,Red Bull Racing
9103,2,Logan SARGEANT,Williams
9103,4,Lando NORRIS,McLaren
9103,10,Pierre GASLY,Alpine
9103,11,Sergio PEREZ,Red Bull Racing
9103,14,Fernando ALONSO,Aston Martin
9103,16,Charles LECLERC,Ferrari
9103,18,Lance STROLL,Aston Martin
9103,20,Kevin MAGNUSSEN,Haas F1 Team
9103,21,Nyck DE VRIES,AlphaTauri
9103,22,Yuki TSUNODA,AlphaTauri
9103,23,Alexander ALBON,Williams
9103,24,ZHOU Guanyu,Alfa Romeo
9103,27,Nico HULKENBERG,Haas F1 Team
9103,31,Esteban OCON,Alpine
9103,44,Lewis HAMILTON,Mercedes
9103,55,Carlos SAINZ,Ferrari
9103,63,George RUSSELL,Mercedes
9103,77,Valtteri BOTTAS,Alfa Romeo
9103,81,Oscar PIASTRI,McLaren
9104,1,Max VERSTAPPEN,Red Bull Racing
9104,2,Logan SARGEANT,Williams
9104,4,Lando NORRIS,McLaren
9104,10,Pierre GASLY,Alpine
9104,11,Sergio PEREZ,Red Bull Racing
9104,14,Fernando ALONSO,Aston Martin
9104,16,Charles LECLERC,Ferrari
9104,18,Lance STROLL,Aston Martin
9104,20,Kevin MAGNUSSEN,Haas F1 Team
9104,21,Nyck DE VRIES,AlphaTauri
9104,22,Yuki TSUNODA,AlphaTauri
9104,23,Alexander ALBON,Williams
9104,24,ZHOU Guanyu,Alfa Romeo
9104,27,Nico HULKENBERG,Haas F1 Team
9104,31,Esteban OCON,Alpine
9104,44,Lewis HAMILTON,Mercedes
9104,55,Carlos SAINZ,Ferrari
9104,63,George RUSSELL,Mercedes
9104,77,Valtteri BOTTAS,Alfa Romeo
9104,81,Oscar PIASTRI,McLaren
9105,1,Max VERSTAPPEN,Red Bull Racing
9105,2,Logan SARGEANT,Williams
9105,4,Lando NORRIS,McLaren
9105,10,Pierre GASLY,Alpine
9105,11,Sergio PEREZ,Red Bull Racing
9105,14,Fernando ALONSO,Aston Martin
9105,16,Charles LECLERC,Ferrari
9105,18,Lance STROLL,Aston Martin
9105,20,Kevin MAGNUSSEN,Haas F1 Team
9105,21,Nyck DE VRIES,AlphaTauri
9105,22,Yuki TSUNODA,AlphaTauri
9105,23,Alexander ALBON,Williams
9105,24,ZHOU Guanyu,Alfa Romeo
9105,27,Nico HULKENBERG,Haas F1 Team
9105,31,Esteban OCON,Alpine
9105,44,Lewis HAMILTON,Mercedes
9105,55,Carlos SAINZ,Ferrari
9105,63,George RUSSELL,Mercedes
9105,77,Valtteri BOTTAS,Alfa Romeo
9105,81,Oscar PIASTRI,McLaren
9106,1,Max VERSTAPPEN,Red Bull Racing
9106,2,Logan SARGEANT,Williams
9106,4,Lando NORRIS,McLaren
9106,10,Pierre GASLY,Alpine
9106,11,Sergio PEREZ,Red Bull Racing
9106,14,Fernando ALONSO,Aston Martin
9106,16,Charles LECLERC,Ferrari
9106,18,Lance STROLL,Aston Martin
9106,20,Kevin MAGNUSSEN,Haas F1 Team
9106,21,Nyck DE VRIES,AlphaTauri
9106,22,Yuki TSUNODA,AlphaTauri
9106,23,Alexander ALBON,Williams
9106,24,ZHOU Guanyu,Alfa Romeo
9106,27,Nico HULKENBERG,Haas F1 Team
9106,31,Esteban OCON,Alpine
9106,44,Lewis HAMILTON,Mercedes
9106,55,Carlos SAINZ,Ferrari
9106,63,George RUSSELL,Mercedes
9106,77,Valtteri BOTTAS,Alfa Romeo
9106,81,Oscar PIASTRI,McLaren
9110,1,Max VERSTAPPEN,Red Bull Racing
9110,2,Logan SARGEANT,Williams
9110,4,Lando NORRIS,McLaren
9110,10,Pierre GASLY,Alpine
9110,11,Sergio PEREZ,Red Bull Racing
9110,14,Fernando ALONSO,Aston Martin
9110,16,Charles LECLERC,Ferrari
9110,18,Lance STROLL,Aston Martin
9110,20,Kevin MAGNUSSEN,Haas F1 Team
9110,21,Nyck DE VRIES,AlphaTauri
9110,22,Yuki TSUNODA,AlphaTauri
9110,23,Alexander ALBON,Williams
9110,24,ZHOU Guanyu,Alfa Romeo
9110,27,Nico HULKENBERG,Haas F1 Team
9110,31,Esteban OCON,Alpine
9110,44,Lewis HAMILTON,Mercedes
9110,55,Carlos SAINZ,Ferrari
9110,63,George RUSSELL,Mercedes
9110,77,Valtteri BOTTAS,Alfa Romeo
9110,81,Oscar PIASTRI,McLaren
9111,1,Max VERSTAPPEN,Red Bull Racing
9111,2,Logan SARGEANT,Williams
9111,4,Lando NORRIS,McLaren
9111,10,Pierre GASLY,Alpine
9111,11,Sergio PEREZ,Red Bull Racing
9111,14,Fernando ALONSO,Aston Martin
9111,16,Charles LECLERC,Ferrari
9111,18,Lance STROLL,Aston Martin
9111,20,Kevin MAGNUSSEN,Haas F1 Team
9111,21,Nyck DE VRIES,AlphaTauri
9111,22,Yuki TSUNODA,AlphaTauri
9111,23,Alexander ALBON,Williams
9111,24,ZHOU Guanyu,Alfa Romeo
9111,27,Nico HULKENBERG,Haas F1 Team
9111,31,Esteban OCON,Alpine
9111,44,Lewis HAMILTON,Mercedes
9111,55,Carlos SAINZ,Ferrari
9111,63,George RUSSELL,Mercedes
9111,77,Valtteri BOTTAS,Alfa Romeo
9111,81,Oscar PIASTRI,McLaren
9112,1,Max VERSTAPPEN,Red Bull Racing
9112,2,Logan SARGEANT,Williams
9112,4,Lando NORRIS,McLaren
9112,10,Pierre GASLY,Alpine
9112,11,Sergio PEREZ,Red Bull Racing
9112,14,Fernando ALONSO,Aston Martin
9112,16,Charles LECLERC,Ferrari
9112,18,Lance STROLL,Aston Martin
9112,20,Kevin MAGNUSSEN,Haas F1 Team
9112,21,Nyck DE VRIES,AlphaTauri
9112,22,Yuki TSUNODA,AlphaTauri
9112,23,Alexander ALBON,Williams
9112,24,ZHOU Guanyu,Alfa Romeo
9112,27,Nico HULKENBERG,Haas F1 Team
9112,31,Esteban OCON,Alpine
9112,44,Lewis HAMILTON,Mercedes
9112,55,Carlos SAINZ,Ferrari
9112,63,George RUSSELL,Mercedes
9112,77,Valtteri BOTTAS,Alfa Romeo
9112,81,Oscar PIASTRI,McLaren
9282,1,Max VERSTAPPEN,Red Bull Racing
9282,2,Logan SARGEANT,Williams
9282,4,Lando NORRIS,McLaren
9282,10,Pierre GASLY,Alpine
9282,11,Sergio PEREZ,Red Bull Racing
9282,14,Fernando ALONSO,Aston Martin
9282,16,Charles LECLERC,Ferrari
9282,18,Lance STROLL,Aston Martin
9282,20,Kevin MAGNUSSEN,Haas F1 Team
9282,21,Nyck DE VRIES,AlphaTauri
9282,22,Yuki TSUNODA,AlphaTauri
9282,23,Alexander ALBON,Williams
9282,24,ZHOU Guanyu,Alfa Romeo
9282,27,Nico HULKENBERG,Haas F1 Team
9282,31,Esteban OCON,Alpine
9282,44,Lewis HAMILTON,Mercedes
9282,55,Carlos SAINZ,Ferrari
9282,63,George RUSSELL,Mercedes
9282,77,Valtteri BOTTAS,Alfa Romeo
9282,81,Oscar PIASTRI,McLaren
9117,1,Max VERSTAPPEN,Red Bull Racing
9117,2,Logan SARGEANT,Williams
9117,4,Lando NORRIS,McLaren
9117,10,Pierre GASLY,Alpine
9117,11,Sergio PEREZ,Red Bull Racing
9117,14,Fernando ALONSO,Aston Martin
9117,16,Charles LECLERC,Ferrari
9117,18,Lance STROLL,Aston Martin
9117,20,Kevin MAGNUSSEN,Haas F1 Team
9117,21,Nyck DE VRIES,AlphaTauri
9117,22,Yuki TSUNODA,AlphaTauri
9117,23,Alexander ALBON,Williams
9117,24,ZHOU Guanyu,Alfa Romeo
9117,27,Nico HULKENBERG,Haas F1 Team
9117,31,Esteban OCON,Alpine
9117,44,Lewis HAMILTON,Mercedes
9117,55,Carlos SAINZ,Ferrari
9117,63,George RUSSELL,Mercedes
9117,77,Valtteri BOTTAS,Alfa Romeo
9117,81,Oscar PIASTRI,McLaren
9118,1,Max VERSTAPPEN,Red Bull Racing
9118,2,Logan SARGEANT,Williams
9118,4,Lando NORRIS,McLaren
9118,10,Pierre GASLY,Alpine
9118,11,Sergio PEREZ,Red Bull Racing
9118,14,Fernando ALONSO,Aston Martin
9118,16,Charles LECLERC,Ferrari
9118,18,Lance STROLL,Aston Martin
9118,20,Kevin MAGNUSSEN,Haas F1 Team
9118,21,Nyck DE VRIES,AlphaTauri
9118,22,Yuki TSUNODA,AlphaTauri
9118,23,Alexander ALBON,Williams
9118,24,ZHOU Guanyu,Alfa Romeo
9118,27,Nico HULKENBERG,Haas F1 Team
9118,31,Esteban OCON,Alpine
9118,44,Lewis HAMILTON,Mercedes
9118,55,Carlos SAINZ,Ferrari
9118,63,George RUSSELL,Mercedes
9118,77,Valtteri BOTTAS,Alfa Romeo
9118,81,Oscar PIASTRI,McLaren
9119,1,Max VERSTAPPEN,Red Bull Racing
9119,2,Logan SARGEANT,Williams
9119,4,Lando NORRIS,McLaren
9119,10,Pierre GASLY,Alpine
9119,11,Sergio PEREZ,Red Bull Racing
9119,14,Fernando ALONSO,Aston Martin
9119,16,Charles LECLERC,Ferrari
9119,18,Lance STROLL,Aston Martin
9119,20,Kevin MAGNUSSEN,Haas F1 Team
9119,21,Nyck DE VRIES,AlphaTauri
9119,22,Yuki TSUNODA,AlphaTauri
9119,23,Alexander ALBON,Williams
9119,24,ZHOU Guanyu,Alfa Romeo
9119,27,Nico HULKENBERG,Haas F1 Team
9119,31,Esteban OCON,Alpine
9119,44,Lewis HAMILTON,Mercedes
9119,55,Carlos SAINZ,Ferrari
9119,63,George RUSSELL,Mercedes
9119,77,Valtteri BOTTAS,Alfa Romeo
9119,81,Oscar PIASTRI,McLaren
9120,1,Max VERSTAPPEN,Red Bull Racing
9120,2,Logan SARGEANT,Williams
9120,4,Lando NORRIS,McLaren
9120,10,Pierre GASLY,Alpine
9120,11,Sergio PEREZ,Red Bull Racing
9120,14,Fernando ALONSO,Aston Martin
9120,16,Charles LECLERC,Ferrari
9120,18,Lance STROLL,Aston Martin
9120,20,Kevin MAGNUSSEN,Haas F1 Team
9120,21,Nyck DE VRIES,AlphaTauri
9120,22,Yuki TSUNODA,AlphaTauri
9120,23,Alexander ALBON,Williams
9120,24,ZHOU Guanyu,Alfa Romeo
9120,27,Nico HULKENBERG,Haas F1 Team
9120,31,Esteban OCON,Alpine
9120,44,Lewis HAMILTON,Mercedes
9120,55,Carlos SAINZ,Ferrari
9120,63,George RUSSELL,Mercedes
9120,77,Valtteri BOTTAS,Alfa Romeo
9120,81,Oscar PIASTRI,McLaren
9121,1,Max VERSTAPPEN,Red Bull Racing
9121,2,Logan SARGEANT,Williams
9121,4,Lando NORRIS,McLaren
9121,10,Pierre GASLY,Alpine
9121,11,Sergio PEREZ,Red Bull Racing
9121,14,Fernando ALONSO,Aston Martin
9121,16,Charles LECLERC,Ferrari
9121,18,Lance STROLL,Aston Martin
9121,20,Kevin MAGNUSSEN,Haas F1 Team
9121,21,Nyck DE VRIES,AlphaTauri
9121,22,Yuki TSUNODA,AlphaTauri
9121,23,Alexander ALBON,Williams
9121,24,ZHOU Guanyu,Alfa Romeo
9121,27,Nico HULKENBERG,Haas F1 Team
9121,31,Esteban OCON,Alpine
9121,44,Lewis HAMILTON,Mercedes
9121,55,Carlos SAINZ,Ferrari
9121,63,George RUSSELL,Mercedes
9121,77,Valtteri BOTTAS,Alfa Romeo
9121,81,Oscar PIASTRI,McLaren
9122,1,Max VERSTAPPEN,Red Bull Racing
9122,2,Logan SARGEANT,Williams
9122,4,Lando NORRIS,McLaren
9122,10,Pierre GASLY,Alpine
9122,11,Sergio PEREZ,Red Bull Racing
9122,14,Fernando ALONSO,Aston Martin
9122,16,Charles LECLERC,Ferrari
9122,18,Lance STROLL,Aston Martin
9122,20,Kevin MAGNUSSEN,Haas F1 Team
9122,21,Nyck DE VRIES,AlphaTauri
9122,22,Yuki TSUNODA,AlphaTauri
9122,23,Alexander ALBON,Williams
9122,24,ZHOU Guanyu,Alfa Romeo
9122,27,Nico HULKENBERG,Haas F1 Team
9122,31,Esteban OCON,Alpine
9122,44,Lewis HAMILTON,Mercedes
9122,55,Carlos SAINZ,Ferrari
9122,63,George RUSSELL,Mercedes
9122,77,Valtteri BOTTAS,Alfa Romeo
9122,81,Oscar PIASTRI,McLaren
9126,1,Max VERSTAPPEN,Red Bull Racing
9126,2,Logan SARGEANT,Williams
9126,4,Lando NORRIS,McLaren
9126,10,Pierre GASLY,Alpine
9126,11,Sergio PEREZ,Red Bull Racing
9126,14,Fernando ALONSO,Aston Martin
9126,16,Charles LECLERC,Ferrari
9126,18,Lance STROLL,Aston Martin
9126,20,Kevin MAGNUSSEN,Haas F1 Team
9126,21,Nyck DE VRIES,AlphaTauri
9126,22,Yuki TSUNODA,AlphaTauri
9126,23,Alexander ALBON,Williams
9126,24,ZHOU Guanyu,Alfa Romeo
9126,27,Nico HULKENBERG,Haas F1 Team
9126,31,Esteban OCON,Alpine
9126,44,Lewis HAMILTON,Mercedes
9126,55,Carlos SAINZ,Ferrari
9126,63,George RUSSELL,Mercedes
9126,77,Valtteri BOTTAS,Alfa Romeo
9126,81,Oscar PIASTRI,McLaren
9223,1,Paul ARON,Red Bull Racing
9223,2,Dino BEGANOVIC,Williams
9223,3,Zak O'SULLIVAN,AlphaTauri
9223,4,Leonardo FORNAROLI,McLaren
9223,10,Franco COLAPINTO,Alpine
9223,11,Mari BOYA,Red Bull Racing
9223,14,Sebastian MONTOYA,Aston Martin
9223,16,Luke BROWNING,Ferrari
9223,18,Rafael VILLAGOMEZ,Aston Martin
9223,20,Oliver GRAY,Haas F1 Team
9223,22,Ido COHEN,AlphaTauri
9223,23,Josep Maria MARTI,Williams
9223,24,Christian MANSELL,Alfa Romeo
9223,27,Taylor BARNARD,Haas F1 Team
9223,31,Woohyun SHIN,Alpine
9223,44,Lewis HAMILTON,Mercedes
9223,55,Carlos SAINZ,Ferrari
9223,63,George RUSSELL,Mercedes
9223,77,Valtteri BOTTAS,Alfa Romeo
9223,81,Oscar PIASTRI,McLaren
9223,5,Gabriel BORTOLETO,
9223,6,Oliver GOETHE,
9223,7,Kaylen FREDERICK,
9223,8,Gregoire SAUCY,
9223,9,Nikola TSOLOV,
9223,12,Jonny EDGAR,
9223,15,Gabriele MINI,
9223,17,Caio COLLET,
9223,19,Tommy SMITH,
9223,21,Nyck DE VRIES,AlphaTauri
9223,25,Hugh BARTER,
9223,26,Nikita BEDRIN,
9223,28,Alejandro GARCIA,
9223,29,Sophia FLOERSCH,
9223,30,Roberto FARIA,
9127,1,Max VERSTAPPEN,Red Bull Racing
9127,2,Logan SARGEANT,Williams
9127,3,Daniel RICCIARDO,AlphaTauri
9127,4,Lando NORRIS,McLaren
9127,10,Pierre GASLY,Alpine
9127,11,Sergio PEREZ,Red Bull Racing
9127,14,Fernando ALONSO,Aston Martin
9127,16,Charles LECLERC,Ferrari
9127,18,Lance STROLL,Aston Martin
9127,20,Kevin MAGNUSSEN,Haas F1 Team
9127,22,Yuki TSUNODA,AlphaTauri
9127,23,Alexander ALBON,Williams
9127,24,ZHOU Guanyu,Alfa Romeo
9127,27,Nico HULKENBERG,Haas F1 Team
9127,31,Esteban OCON,Alpine
9127,44,Lewis HAMILTON,Mercedes
9127,55,Carlos SAINZ,Ferrari
9127,63,George RUSSELL,Mercedes
9127,77,Valtteri BOTTAS,Alfa Romeo
9127,81,Oscar PIASTRI,McLaren
9128,1,Max VERSTAPPEN,Red Bull Racing
9128,2,Logan SARGEANT,Williams
9128,3,Daniel RICCIARDO,AlphaTauri
9128,4,Lando NORRIS,McLaren
9128,10,Pierre GASLY,Alpine
9128,11,Sergio PEREZ,Red Bull Racing
9128,14,Fernando ALONSO,Aston Martin
9128,16,Charles LECLERC,Ferrari
9128,18,Lance STROLL,Aston Martin
9128,20,Kevin MAGNUSSEN,Haas F1 Team
9128,22,Yuki TSUNODA,AlphaTauri
9128,23,Alexander ALBON,Williams
9128,24,ZHOU Guanyu,Alfa Romeo
9128,27,Nico HULKENBERG,Haas F1 Team
9128,31,Esteban OCON,Alpine
9128,44,Lewis HAMILTON,Mercedes
9128,55,Carlos SAINZ,Ferrari
9128,63,George RUSSELL,Mercedes
9128,77,Valtteri BOTTAS,Alfa Romeo
9128,81,Oscar PIASTRI,McLaren
9129,1,Max VERSTAPPEN,Red Bull Racing
9129,2,Logan SARGEANT,Williams
9129,3,Daniel RICCIARDO,AlphaTauri
9129,4,Lando NORRIS,McLaren
9129,10,Pierre GASLY,Alpine
9129,11,Sergio PEREZ,Red Bull Racing
9129,14,Fernando ALONSO,Aston Martin
9129,16,Charles LECLERC,Ferrari
9129,18,Lance STROLL,Aston Martin
9129,20,Kevin MAGNUSSEN,Haas F1 Team
9129,22,Yuki TSUNODA,AlphaTauri
9129,23,Alexander ALBON,Williams
9129,24,ZHOU Guanyu,Alfa Romeo
9129,27,Nico HULKENBERG,Haas F1 Team
9129,31,Esteban OCON,Alpine
9129,44,Lewis HAMILTON,Mercedes
9129,55,Carlos SAINZ,Ferrari
9129,63,George RUSSELL,Mercedes
9129,77,Valtteri BOTTAS,Alfa Romeo
9129,81,Oscar PIASTRI,McLaren
9133,1,Max VERSTAPPEN,Red Bull Racing
9133,2,Logan SARGEANT,Williams
9133,3,Daniel RICCIARDO,AlphaTauri
9133,4,Lando NORRIS,McLaren
9133,10,Pierre GASLY,Alpine
9133,11,Sergio PEREZ,Red Bull Racing
9133,14,Fernando ALONSO,Aston Martin
9133,16,Charles LECLERC,Ferrari
9133,18,Lance STROLL,Aston Martin
9133,20,Kevin MAGNUSSEN,Haas F1 Team
9133,22,Yuki TSUNODA,AlphaTauri
9133,23,Alexander ALBON,Williams
9133,24,ZHOU Guanyu,Alfa Romeo
9133,27,Nico HULKENBERG,Haas F1 Team
9133,31,Esteban OCON,Alpine
9133,44,Lewis HAMILTON,Mercedes
9133,55,Carlos SAINZ,Ferrari
9133,63,George RUSSELL,Mercedes
9133,77,Valtteri BOTTAS,Alfa Romeo
9133,81,Oscar PIASTRI,McLaren
9134,1,Max VERSTAPPEN,Red Bull Racing
9134,2,Logan SARGEANT,Williams
9134,3,Daniel RICCIARDO,AlphaTauri
9134,4,Lando NORRIS,McLaren
9134,10,Pierre GASLY,Alpine
9134,11,Sergio PEREZ,Red Bull Racing
9134,14,Fernando ALONSO,Aston Martin
9134,16,Charles LECLERC,Ferrari
9134,18,Lance STROLL,Aston Martin
9134,20,Kevin MAGNUSSEN,Haas F1 Team
9134,22,Yuki TSUNODA,AlphaTauri
9134,23,Alexander ALBON,Williams
9134,24,ZHOU Guanyu,Alfa Romeo
9134,27,Nico HULKENBERG,Haas F1 Team
9134,31,Esteban OCON,Alpine
9134,44,Lewis HAMILTON,Mercedes
9134,55,Carlos SAINZ,Ferrari
9134,63,George RUSSELL,Mercedes
9134,77,Valtteri BOTTAS,Alfa Romeo
9134,81,Oscar PIASTRI,McLaren
9135,1,Max VERSTAPPEN,Red Bull Racing
9135,2,Logan SARGEANT,Williams
9135,3,Daniel RICCIARDO,AlphaTauri
9135,4,Lando NORRIS,McLaren
9135,10,Pierre GASLY,Alpine
9135,11,Sergio PEREZ,Red Bull Racing
9135,14,Fernando ALONSO,Aston Martin
9135,16,Charles LECLERC,Ferrari
9135,18,Lance STROLL,Aston Martin
9135,20,Kevin MAGNUSSEN,Haas F1 Team
9135,22,Yuki TSUNODA,AlphaTauri
9135,23,Alexander ALBON,Williams
9135,24,ZHOU Guanyu,Alfa Romeo
9135,27,Nico HULKENBERG,Haas F1 Team
9135,31,Esteban OCON,Alpine
9135,44,Lewis HAMILTON,Mercedes
9135,55,Carlos SAINZ,Ferrari
9135,63,George RUSSELL,Mercedes
9135,77,Valtteri BOTTAS,Alfa Romeo
9135,81,Oscar PIASTRI,McLaren
9286,1,Max VERSTAPPEN,Red Bull Racing
9286,2,Logan SARGEANT,Williams
9286,3,Daniel RICCIARDO,AlphaTauri
9286,4,Lando NORRIS,McLaren
9286,10,Pierre GASLY,Alpine
9286,11,Sergio PEREZ,Red Bull Racing
9286,14,Fernando ALONSO,Aston Martin
9286,16,Charles LECLERC,Ferrari
9286,18,Lance STROLL,Aston Martin
9286,20,Kevin MAGNUSSEN,Haas F1 Team
9286,22,Yuki TSUNODA,AlphaTauri
9286,23,Alexander ALBON,Williams
9286,24,ZHOU Guanyu,Alfa Romeo
9286,27,Nico HULKENBERG,Haas F1 Team
9286,31,Esteban OCON,Alpine
9286,44,Lewis HAMILTON,Mercedes
9286,55,Carlos SAINZ,Ferrari
9286,63,George RUSSELL,Mercedes
9286,77,Valtteri BOTTAS,Alfa Romeo
9286,81,Oscar PIASTRI,McLaren
9140,1,Max VERSTAPPEN,Red Bull Racing
9140,2,Logan SARGEANT,Williams
9140,3,Daniel RICCIARDO,AlphaTauri
9140,4,Lando NORRIS,McLaren
9140,10,Pierre GASLY,Alpine
9140,11,Sergio PEREZ,Red Bull Racing
9140,14,Fernando ALONSO,Aston Martin
9140,16,Charles LECLERC,Ferrari
9140,18,Lance STROLL,Aston Martin
9140,20,Kevin MAGNUSSEN,Haas F1 Team
9140,22,Yuki TSUNODA,AlphaTauri
9140,23,Alexander ALBON,Williams
9140,24,ZHOU Guanyu,Alfa Romeo
9140,27,Nico HULKENBERG,Haas F1 Team
9140,31,Esteban OCON,Alpine
9140,44,Lewis HAMILTON,Mercedes
9140,55,Carlos SAINZ,Ferrari
9140,63,George RUSSELL,Mercedes
9140,77,Valtteri BOTTAS,Alfa Romeo
9140,81,Oscar PIASTRI,McLaren
9141,1,Max VERSTAPPEN,Red Bull Racing
9141,2,Logan SARGEANT,Williams
9141,3,Daniel RICCIARDO,AlphaTauri
9141,4,Lando NORRIS,McLaren
9141,10,Pierre GASLY,Alpine
9141,11,Sergio PEREZ,Red Bull Racing
9141,14,Fernando ALONSO,Aston Martin
9141,16,Charles LECLERC,Ferrari
9141,18,Lance STROLL,Aston Martin
9141,20,Kevin MAGNUSSEN,Haas F1 Team
9141,22,Yuki TSUNODA,AlphaTauri
9141,23,Alexander ALBON,Williams
9141,24,ZHOU Guanyu,Alfa Romeo
9141,27,Nico HULKENBERG,Haas F1 Team
9141,31,Esteban OCON,Alpine
9141,44,Lewis HAMILTON,Mercedes
9141,55,Carlos SAINZ,Ferrari
9141,63,George RUSSELL,Mercedes
9141,77,Valtteri BOTTAS,Alfa Romeo
9141,81,Oscar PIASTRI,McLaren
9142,1,Max VERSTAPPEN,Red Bull Racing
9142,2,Logan SARGEANT,Williams
9142,3,Daniel RICCIARDO,AlphaTauri
9142,4,Lando NORRIS,McLaren
9142,10,Pierre GASLY,Alpine
9142,11,Sergio PEREZ,Red Bull Racing
9142,14,Fernando ALONSO,Aston Martin
9142,16,Charles LECLERC,Ferrari
9142,18,Lance STROLL,Aston Martin
9142,20,Kevin MAGNUSSEN,Haas F1 Team
9142,22,Yuki TSUNODA,AlphaTauri
9142,23,Alexander ALBON,Williams
9142,24,ZHOU Guanyu,Alfa Romeo
9142,27,Nico HULKENBERG,Haas F1 Team
9142,31,Esteban OCON,Alpine
9142,39,Robert SHWARTZMAN,Ferrari
9142,44,Lewis HAMILTON,Mercedes
9142,63,George RUSSELL,Mercedes
9142,77,Valtteri BOTTAS,Alfa Romeo
9142,81,Oscar PIASTRI,McLaren
9143,1,Max VERSTAPPEN,Red Bull Racing
9143,2,Logan SARGEANT,Williams
9143,3,Daniel RICCIARDO,AlphaTauri
9143,4,Lando NORRIS,McLaren
9143,10,Pierre GASLY,Alpine
9143,11,Sergio PEREZ,Red Bull Racing
9143,14,Fernando ALONSO,Aston Martin
9143,16,Charles LECLERC,Ferrari
9143,18,Lance STROLL,Aston Martin
9143,20,Kevin MAGNUSSEN,Haas F1 Team
9143,22,Yuki TSUNODA,AlphaTauri
9143,23,Alexander ALBON,Williams
9143,24,ZHOU Guanyu,Alfa Romeo
9143,27,Nico HULKENBERG,Haas F1 Team
9143,31,Esteban OCON,Alpine
9143,44,Lewis HAMILTON,Mercedes
9143,55,Carlos SAINZ,Ferrari
9143,63,George RUSSELL,Mercedes
9143,77,Valtteri BOTTAS,Alfa Romeo
9143,81,Oscar PIASTRI,McLaren
9144,1,Max VERSTAPPEN,Red Bull Racing
9144,2,Logan SARGEANT,Williams
9144,4,Lando NORRIS,McLaren
9144,10,Pierre GASLY,Alpine
9144,11,Sergio PEREZ,Red Bull Racing
9144,14,Fernando ALONSO,Aston Martin
9144,16,Charles LECLERC,Ferrari
9144,18,Lance STROLL,Aston Martin
9144,20,Kevin MAGNUSSEN,Haas F1 Team
9144,22,Yuki TSUNODA,AlphaTauri
9144,23,Alexander ALBON,Williams
9144,24,ZHOU Guanyu,Alfa Romeo
9144,27,Nico HULKENBERG,Haas F1 Team
9144,31,Esteban OCON,Alpine
9144,40,Liam LAWSON,AlphaTauri
9144,44,Lewis HAMILTON,Mercedes
9144,55,Carlos SAINZ,Ferrari
9144,63,George RUSSELL,Mercedes
9144,77,Valtteri BOTTAS,Alfa Romeo
9144,81,Oscar PIASTRI,McLaren
9145,1,Max VERSTAPPEN,Red Bull Racing
9145,2,Logan SARGEANT,Williams
9145,4,Lando NORRIS,McLaren
9145,10,Pierre GASLY,Alpine
9145,11,Sergio PEREZ,Red Bull Racing
9145,14,Fernando ALONSO,Aston Martin
9145,16,Charles LECLERC,Ferrari
9145,18,Lance STROLL,Aston Martin
9145,20,Kevin MAGNUSSEN,Haas F1 Team
9145,22,Yuki TSUNODA,AlphaTauri
9145,23,Alexander ALBON,Williams
9145,24,ZHOU Guanyu,Alfa Romeo
9145,27,Nico HULKENBERG,Haas F1 Team
9145,31,Esteban OCON,Alpine
9145,40,Liam LAWSON,AlphaTauri
9145,44,Lewis HAMILTON,Mercedes
9145,55,Carlos SAINZ,Ferrari
9145,63,George RUSSELL,Mercedes
9145,77,Valtteri BOTTAS,Alfa Romeo
9145,81,Oscar PIASTRI,McLaren
9149,1,Max VERSTAPPEN,Red Bull Racing
9149,2,Logan SARGEANT,Williams
9149,4,Lando NORRIS,McLaren
9149,10,Pierre GASLY,Alpine
9149,11,Sergio PEREZ,Red Bull Racing
9149,14,Fernando ALONSO,Aston Martin
9149,16,Charles LECLERC,Ferrari
9149,18,Lance STROLL,Aston Martin
9149,20,Kevin MAGNUSSEN,Haas F1 Team
9149,22,Yuki TSUNODA,AlphaTauri
9149,23,Alexander ALBON,Williams
9149,24,ZHOU Guanyu,Alfa Romeo
9149,27,Nico HULKENBERG,Haas F1 Team
9149,31,Esteban OCON,Alpine
9149,40,Liam LAWSON,AlphaTauri
9149,44,Lewis HAMILTON,Mercedes
9149,55,Carlos SAINZ,Ferrari
9149,63,George RUSSELL,Mercedes
9149,77,Valtteri BOTTAS,Alfa Romeo
9149,81,Oscar PIASTRI,McLaren
9150,1,Max VERSTAPPEN,Red Bull Racing
9150,2,Logan SARGEANT,Williams
9150,4,Lando NORRIS,McLaren
9150,10,Pierre GASLY,Alpine
9150,11,Sergio PEREZ,Red Bull Racing
9150,14,Fernando ALONSO,Aston Martin
9150,16,Charles LECLERC,Ferrari
9150,20,Kevin MAGNUSSEN,Haas F1 Team
9150,22,Yuki TSUNODA,AlphaTauri
9150,23,Alexander ALBON,Williams
9150,24,ZHOU Guanyu,Alfa Romeo
9150,27,Nico HULKENBERG,Haas F1 Team
9150,31,Esteban OCON,Alpine
9150,34,Felipe DRUGOVICH,Aston Martin
9150,40,Liam LAWSON,AlphaTauri
9150,44,Lewis HAMILTON,Mercedes
9150,55,Carlos SAINZ,Ferrari
9150,63,George RUSSELL,Mercedes
9150,77,Valtteri BOTTAS,Alfa Romeo
9150,81,Oscar PIASTRI,McLaren
9151,1,Max VERSTAPPEN,Red Bull Racing
9151,2,Logan SARGEANT,Williams
9151,4,Lando NORRIS,McLaren
9151,10,Pierre GASLY,Alpine
9151,11,Sergio PEREZ,Red Bull Racing
9151,14,Fernando ALONSO,Aston Martin
9151,16,Charles LECLERC,Ferrari
9151,18,Lance STROLL,Aston Martin
9151,20,Kevin MAGNUSSEN,Haas F1 Team
9151,22,Yuki TSUNODA,AlphaTauri
9151,23,Alexander ALBON,Williams
9151,24,ZHOU Guanyu,Alfa Romeo
9151,27,Nico HULKENBERG,Haas F1 Team
9151,31,Esteban OCON,Alpine
9151,40,Liam LAWSON,AlphaTauri
9151,44,Lewis HAMILTON,Mercedes
9151,55,Carlos SAINZ,Ferrari
9151,63,George RUSSELL,Mercedes
9151,77,Valtteri BOTTAS,Alfa Romeo
9151,81,Oscar PIASTRI,McLaren
9152,1,Max VERSTAPPEN,Red Bull Racing
9152,2,Logan SARGEANT,Williams
9152,4,Lando NORRIS,McLaren
9152,10,Pierre GASLY,Alpine
9152,11,Sergio PEREZ,Red Bull Racing
9152,14,Fernando ALONSO,Aston Martin
9152,16,Charles LECLERC,Ferrari
9152,18,Lance STROLL,Aston Martin
9152,20,Kevin MAGNUSSEN,Haas F1 Team
9152,22,Yuki TSUNODA,AlphaTauri
9152,23,Alexander ALBON,Williams
9152,24,ZHOU Guanyu,Alfa Romeo
9152,27,Nico HULKENBERG,Haas F1 Team
9152,31,Esteban OCON,Alpine
9152,40,Liam LAWSON,AlphaTauri
9152,44,Lewis HAMILTON,Mercedes
9152,55,Carlos SAINZ,Ferrari
9152,63,George RUSSELL,Mercedes
9152,77,Valtteri BOTTAS,Alfa Romeo
9152,81,Oscar PIASTRI,McLaren
9153,1,Max VERSTAPPEN,Red Bull Racing
9153,2,Logan SARGEANT,Williams
9153,4,Lando NORRIS,McLaren
9153,10,Pierre GASLY,Alpine
9153,11,Sergio PEREZ,Red Bull Racing
9153,14,Fernando ALONSO,Aston Martin
9153,16,Charles LECLERC,Ferrari
9153,18,Lance STROLL,Aston Martin
9153,20,Kevin MAGNUSSEN,Haas F1 Team
9153,22,Yuki TSUNODA,AlphaTauri
9153,23,Alexander ALBON,Williams
9153,24,ZHOU Guanyu,Alfa Romeo
9153,27,Nico HULKENBERG,Haas F1 Team
9153,31,Esteban OCON,Alpine
9153,40,Liam LAWSON,AlphaTauri
9153,44,Lewis HAMILTON,Mercedes
9153,55,Carlos SAINZ,Ferrari
9153,63,George RUSSELL,Mercedes
9153,77,Valtteri BOTTAS,Alfa Romeo
9153,81,Oscar PIASTRI,McLaren
9157,1,Max VERSTAPPEN,Red Bull Racing
9157,2,Logan SARGEANT,Williams
9157,4,Lando NORRIS,McLaren
9157,10,Pierre GASLY,Alpine
9157,11,Sergio PEREZ,Red Bull Racing
9157,14,Fernando ALONSO,Aston Martin
9157,16,Charles LECLERC,Ferrari
9157,18,Lance STROLL,Aston Martin
9157,20,Kevin MAGNUSSEN,Haas F1 Team
9157,22,Yuki TSUNODA,AlphaTauri
9157,23,Alexander ALBON,Williams
9157,24,ZHOU Guanyu,Alfa Romeo
9157,27,Nico HULKENBERG,Haas F1 Team
9157,31,Esteban OCON,Alpine
9157,40,Liam LAWSON,AlphaTauri
9157,44,Lewis HAMILTON,Mercedes
9157,55,Carlos SAINZ,Ferrari
9157,63,George RUSSELL,Mercedes
9157,77,Valtteri BOTTAS,Alfa Romeo
9157,81,Oscar PIASTRI,McLaren
9158,1,Max VERSTAPPEN,Red Bull Racing
9158,2,Logan SARGEANT,Williams
9158,4,Lando NORRIS,McLaren
9158,10,Pierre GASLY,Alpine
9158,11,Sergio PEREZ,Red Bull Racing
9158,14,Fernando ALONSO,Aston Martin
9158,16,Charles LECLERC,Ferrari
9158,18,Lance STROLL,Aston Martin
9158,20,Kevin MAGNUSSEN,Haas F1 Team
9158,22,Yuki TSUNODA,AlphaTauri
9158,23,Alexander ALBON,Williams
9158,24,ZHOU Guanyu,Alfa Romeo
9158,27,Nico HULKENBERG,Haas F1 Team
9158,31,Esteban OCON,Alpine
9158,40,Liam LAWSON,AlphaTauri
9158,44,Lewis HAMILTON,Mercedes
9158,55,Carlos SAINZ,Ferrari
9158,63,George RUSSELL,Mercedes
9158,77,Valtteri BOTTAS,Alfa Romeo
9158,81,Oscar PIASTRI,McLaren
9159,1,Max VERSTAPPEN,Red Bull Racing
9159,2,Logan SARGEANT,Williams
9159,4,Lando NORRIS,McLaren
9159,10,Pierre GASLY,Alpine
9159,11,Sergio PEREZ,Red Bull Racing
9159,14,Fernando ALONSO,Aston Martin
9159,16,Charles LECLERC,Ferrari
9159,18,Lance STROLL,Aston Martin
9159,20,Kevin MAGNUSSEN,Haas F1 Team
9159,22,Yuki TSUNODA,AlphaTauri
9159,23,Alexander ALBON,Williams
9159,24,ZHOU Guanyu,Alfa Romeo
9159,27,Nico HULKENBERG,Haas F1 Team
9159,31,Esteban OCON,Alpine
9159,40,Liam LAWSON,AlphaTauri
9159,44,Lewis HAMILTON,Mercedes
9159,55,Carlos SAINZ,Ferrari
9159,63,George RUSSELL,Mercedes
9159,77,Valtteri BOTTAS,Alfa Romeo
9159,81,Oscar PIASTRI,McLaren
9160,1,Max VERSTAPPEN,Red Bull Racing
9160,2,Logan SARGEANT,Williams
9160,4,Lando NORRIS,McLaren
9160,10,Pierre GASLY,Alpine
9160,11,Sergio PEREZ,Red Bull Racing
9160,14,Fernando ALONSO,Aston Martin
9160,16,Charles LECLERC,Ferrari
9160,18,Lance STROLL,Aston Martin
9160,20,Kevin MAGNUSSEN,Haas F1 Team
9160,22,Yuki TSUNODA,AlphaTauri
9160,23,Alexander ALBON,Williams
9160,24,ZHOU Guanyu,Alfa Romeo
9160,27,Nico HULKENBERG,Haas F1 Team
9160,31,Esteban OCON,Alpine
9160,40,Liam LAWSON,AlphaTauri
9160,44,Lewis HAMILTON,Mercedes
9160,55,Carlos SAINZ,Ferrari
9160,63,George RUSSELL,Mercedes
9160,77,Valtteri BOTTAS,Alfa Romeo
9160,81,Oscar PIASTRI,McLaren
9161,1,Max VERSTAPPEN,Red Bull Racing
9161,2,Logan SARGEANT,Williams
9161,4,Lando NORRIS,McLaren
9161,10,Pierre GASLY,Alpine
9161,11,Sergio PEREZ,Red Bull Racing
9161,14,Fernando ALONSO,Aston Martin
9161,16,Charles LECLERC,Ferrari
9161,18,Lance STROLL,Aston Martin
9161,20,Kevin MAGNUSSEN,Haas F1 Team
9161,22,Yuki TSUNODA,AlphaTauri
9161,23,Alexander ALBON,Williams
9161,24,ZHOU Guanyu,Alfa Romeo
9161,27,Nico HULKENBERG,Haas F1 Team
9161,31,Esteban OCON,Alpine
9161,40,Liam LAWSON,AlphaTauri
9161,44,Lewis HAMILTON,Mercedes
9161,55,Carlos SAINZ,Ferrari
9161,63,George RUSSELL,Mercedes
9161,77,Valtteri BOTTAS,Alfa Romeo
9161,81,Oscar PIASTRI,McLaren
9165,1,Max VERSTAPPEN,Red Bull Racing
9165,2,Logan SARGEANT,Williams
9165,4,Lando NORRIS,McLaren
9165,10,Pierre GASLY,Alpine
9165,11,Sergio PEREZ,Red Bull Racing
9165,14,Fernando ALONSO,Aston Martin
9165,16,Charles LECLERC,Ferrari
9165,20,Kevin MAGNUSSEN,Haas F1 Team
9165,22,Yuki TSUNODA,AlphaTauri
9165,23,Alexander ALBON,Williams
9165,24,ZHOU Guanyu,Alfa Romeo
9165,27,Nico HULKENBERG,Haas F1 Team
9165,31,Esteban OCON,Alpine
9165,40,Liam LAWSON,AlphaTauri
9165,44,Lewis HAMILTON,Mercedes
9165,55,Carlos SAINZ,Ferrari
9165,63,George RUSSELL,Mercedes
9165,77,Valtteri BOTTAS,Alfa Romeo
9165,81,Oscar PIASTRI,McLaren
9166,1,Max VERSTAPPEN,Red Bull Racing
9166,2,Logan SARGEANT,Williams
9166,4,Lando NORRIS,McLaren
9166,10,Pierre GASLY,Alpine
9166,11,Sergio PEREZ,Red Bull Racing
9166,14,Fernando ALONSO,Aston Martin
9166,16,Charles LECLERC,Ferrari
9166,18,Lance STROLL,Aston Martin
9166,20,Kevin MAGNUSSEN,Haas F1 Team
9166,22,Yuki TSUNODA,AlphaTauri
9166,23,Alexander ALBON,Williams
9166,24,ZHOU Guanyu,Alfa Romeo
9166,27,Nico HULKENBERG,Haas F1 Team
9166,31,Esteban OCON,Alpine
9166,40,Liam LAWSON,AlphaTauri
9166,44,Lewis HAMILTON,Mercedes
9166,55,Carlos SAINZ,Ferrari
9166,63,George RUSSELL,Mercedes
9166,77,Valtteri BOTTAS,Alfa Romeo
9166,81,Oscar PIASTRI,McLaren
9167,1,Max VERSTAPPEN,Red Bull Racing
9167,2,Logan SARGEANT,Williams
9167,4,Lando NORRIS,McLaren
9167,10,Pierre GASLY,Alpine
9167,11,Sergio PEREZ,Red Bull Racing
9167,14,Fernando ALONSO,Aston Martin
9167,16,Charles LECLERC,Ferrari
9167,18,Lance STROLL,Aston Martin
9167,20,Kevin MAGNUSSEN,Haas F1 Team
9167,22,Yuki TSUNODA,AlphaTauri
9167,23,Alexander ALBON,Williams
9167,24,ZHOU Guanyu,Alfa Romeo
9167,27,Nico HULKENBERG,Haas F1 Team
9167,31,Esteban OCON,Alpine
9167,40,Liam LAWSON,AlphaTauri
9167,44,Lewis HAMILTON,Mercedes
9167,55,Carlos SAINZ,Ferrari
9167,63,George RUSSELL,Mercedes
9167,77,Valtteri BOTTAS,Alfa Romeo
9167,81,Oscar PIASTRI,McLaren
9168,1,Max VERSTAPPEN,Red Bull Racing
9168,2,Logan SARGEANT,Williams
9168,4,Lando NORRIS,McLaren
9168,10,Pierre GASLY,Alpine
9168,11,Sergio PEREZ,Red Bull Racing
9168,14,Fernando ALONSO,Aston Martin
9168,16,Charles LECLERC,Ferrari
9168,18,Lance STROLL,Aston Martin
9168,20,Kevin MAGNUSSEN,Haas F1 Team
9168,22,Yuki TSUNODA,AlphaTauri
9168,23,Alexander ALBON,Williams
9168,24,ZHOU Guanyu,Alfa Romeo
9168,27,Nico HULKENBERG,Haas F1 Team
9168,31,Esteban OCON,Alpine
9168,40,Liam LAWSON,AlphaTauri
9168,44,Lewis HAMILTON,Mercedes
9168,55,Carlos SAINZ,Ferrari
9168,63,George RUSSELL,Mercedes
9168,77,Valtteri BOTTAS,Alfa Romeo
9168,81,Oscar PIASTRI,McLaren
9169,1,Max VERSTAPPEN,Red Bull Racing
9169,2,Logan SARGEANT,Williams
9169,4,Lando NORRIS,McLaren
9169,10,Pierre GASLY,Alpine
9169,11,Sergio PEREZ,Red Bull Racing
9169,14,Fernando ALONSO,Aston Martin
9169,16,Charles LECLERC,Ferrari
9169,18,Lance STROLL,Aston Martin
9169,20,Kevin MAGNUSSEN,Haas F1 Team
9169,22,Yuki TSUNODA,AlphaTauri
9169,23,Alexander ALBON,Williams
9169,24,ZHOU Guanyu,Alfa Romeo
9169,27,Nico HULKENBERG,Haas F1 Team
9169,31,Esteban OCON,Alpine
9169,40,Liam LAWSON,AlphaTauri
9169,44,Lewis HAMILTON,Mercedes
9169,55,Carlos SAINZ,Ferrari
9169,63,George RUSSELL,Mercedes
9169,77,Valtteri BOTTAS,Alfa Romeo
9169,81,Oscar PIASTRI,McLaren
9173,1,Max VERSTAPPEN,Red Bull Racing
9173,2,Logan SARGEANT,Williams
9173,4,Lando NORRIS,McLaren
9173,10,Pierre GASLY,Alpine
9173,11,Sergio PEREZ,Red Bull Racing
9173,14,Fernando ALONSO,Aston Martin
9173,16,Charles LECLERC,Ferrari
9173,18,Lance STROLL,Aston Martin
9173,20,Kevin MAGNUSSEN,Haas F1 Team
9173,22,Yuki TSUNODA,AlphaTauri
9173,23,Alexander ALBON,Williams
9173,24,ZHOU Guanyu,Alfa Romeo
9173,27,Nico HULKENBERG,Haas F1 Team
9173,31,Esteban OCON,Alpine
9173,40,Liam LAWSON,AlphaTauri
9173,44,Lewis HAMILTON,Mercedes
9173,55,Carlos SAINZ,Ferrari
9173,63,George RUSSELL,Mercedes
9173,77,Valtteri BOTTAS,Alfa Romeo
9173,81,Oscar PIASTRI,McLaren
9214,1,Max VERSTAPPEN,Red Bull Racing
9214,2,Logan SARGEANT,Williams
9214,4,Lando NORRIS,McLaren
9214,10,Pierre GASLY,Alpine
9214,11,Sergio PEREZ,Red Bull Racing
9214,14,Fernando ALONSO,Aston Martin
9214,16,Charles LECLERC,Ferrari
9214,18,Lance STROLL,Aston Martin
9214,20,Kevin MAGNUSSEN,Haas F1 Team
9214,22,Yuki TSUNODA,AlphaTauri
9214,23,Alexander ALBON,Williams
9214,24,ZHOU Guanyu,Alfa Romeo
9214,27,Nico HULKENBERG,Haas F1 Team
9214,31,Esteban OCON,Alpine
9214,40,Liam LAWSON,AlphaTauri
9214,44,Lewis HAMILTON,Mercedes
9214,55,Carlos SAINZ,Ferrari
9214,63,George RUSSELL,Mercedes
9214,77,Valtteri BOTTAS,Alfa Romeo
9214,81,Oscar PIASTRI,McLaren
9215,1,Max VERSTAPPEN,Red Bull Racing
9215,2,Logan SARGEANT,Williams
9215,4,Lando NORRIS,McLaren
9215,10,Pierre GASLY,Alpine
9215,11,Sergio PEREZ,Red Bull Racing
9215,14,Fernando ALONSO,Aston Martin
9215,16,Charles LECLERC,Ferrari
9215,18,Lance STROLL,Aston Martin
9215,20,Kevin MAGNUSSEN,Haas F1 Team
9215,22,Yuki TSUNODA,AlphaTauri
9215,23,Alexander ALBON,Williams
9215,24,ZHOU Guanyu,Alfa Romeo
9215,27,Nico HULKENBERG,Haas F1 Team
9215,31,Esteban OCON,Alpine
9215,40,Liam LAWSON,AlphaTauri
9215,44,Lewis HAMILTON,Mercedes
9215,55,Carlos SAINZ,Ferrari
9215,63,George RUSSELL,Mercedes
9215,77,Valtteri BOTTAS,Alfa Romeo
9215,81,Oscar PIASTRI,McLaren
9298,81,Oscar PIASTRI,McLaren
9298,1,Max VERSTAPPEN,Red Bull Racing
9298,2,Logan SARGEANT,Williams
9298,4,Lando NORRIS,McLaren
9298,10,Pierre GASLY,Alpine
9298,11,Sergio PEREZ,Red Bull Racing
9298,14,Fernando ALONSO,Aston Martin
9298,16,Charles LECLERC,Ferrari
9298,18,Lance STROLL,Aston Martin
9298,20,Kevin MAGNUSSEN,Haas F1 Team
9298,22,Yuki TSUNODA,AlphaTauri
9298,23,Alexander ALBON,Williams
9298,24,ZHOU Guanyu,Alfa Romeo
9298,27,Nico HULKENBERG,Haas F1 Team
9298,31,Esteban OCON,Alpine
9298,40,Liam LAWSON,AlphaTauri
9298,44,Lewis HAMILTON,Mercedes
9298,55,Carlos SAINZ,Ferrari
9298,63,George RUSSELL,Mercedes
9298,77,Valtteri BOTTAS,Alfa Romeo
9220,1,Max VERSTAPPEN,Red Bull Racing
9220,2,Logan SARGEANT,Williams
9220,4,Lando NORRIS,McLaren
9220,10,Pierre GASLY,Alpine
9220,11,Sergio PEREZ,Red Bull Racing
9220,14,Fernando ALONSO,Aston Martin
9220,16,Charles LECLERC,Ferrari
9220,18,Lance STROLL,Aston Martin
9220,20,Kevin MAGNUSSEN,Haas F1 Team
9220,22,Yuki TSUNODA,AlphaTauri
9220,23,Alexander ALBON,Williams
9220,24,ZHOU Guanyu,Alfa Romeo
9220,27,Nico HULKENBERG,Haas F1 Team
9220,31,Esteban OCON,Alpine
9220,40,Liam LAWSON,AlphaTauri
9220,44,Lewis HAMILTON,Mercedes
9220,55,Carlos SAINZ,Ferrari
9220,63,George RUSSELL,Mercedes
9220,77,Valtteri BOTTAS,Alfa Romeo
9220,81,Oscar PIASTRI,McLaren
9221,1,Max VERSTAPPEN,Red Bull Racing
9221,2,Logan SARGEANT,Williams
9221,4,Lando NORRIS,McLaren
9221,10,Pierre GASLY,Alpine
9221,11,Sergio PEREZ,Red Bull Racing
9221,14,Fernando ALONSO,Aston Martin
9221,16,Charles LECLERC,Ferrari
9221,18,Lance STROLL,Aston Martin
9221,20,Kevin MAGNUSSEN,Haas F1 Team
9221,22,Yuki TSUNODA,AlphaTauri
9221,23,Alexander ALBON,Williams
9221,24,ZHOU Guanyu,Alfa Romeo
9221,27,Nico HULKENBERG,Haas F1 Team
9221,31,Esteban OCON,Alpine
9221,40,Liam LAWSON,AlphaTauri
9221,44,Lewis HAMILTON,Mercedes
9221,55,Carlos SAINZ,Ferrari
9221,63,George RUSSELL,Mercedes
9221,77,Valtteri BOTTAS,Alfa Romeo
9221,81,Oscar PIASTRI,McLaren
9206,1,Max VERSTAPPEN,Red Bull Racing
9206,2,Logan SARGEANT,Williams
9206,3,Daniel RICCIARDO,AlphaTauri
9206,4,Lando NORRIS,McLaren
9206,10,Pierre GASLY,Alpine
9206,11,Sergio PEREZ,Red Bull Racing
9206,14,Fernando ALONSO,Aston Martin
9206,16,Charles LECLERC,Ferrari
9206,18,Lance STROLL,Aston Martin
9206,20,Kevin MAGNUSSEN,Haas F1 Team
9206,22,Yuki TSUNODA,AlphaTauri
9206,23,Alexander ALBON,Williams
9206,24,ZHOU Guanyu,Alfa Romeo
9206,27,Nico HULKENBERG,Haas F1 Team
9206,31,Esteban OCON,Alpine
9206,44,Lewis HAMILTON,Mercedes
9206,55,Carlos SAINZ,Ferrari
9206,63,George RUSSELL,Mercedes
9206,77,Valtteri BOTTAS,Alfa Romeo
9206,81,Oscar PIASTRI,McLaren
9207,1,Max VERSTAPPEN,Red Bull Racing
9207,2,Logan SARGEANT,Williams
9207,3,Daniel RICCIARDO,AlphaTauri
9207,4,Lando NORRIS,McLaren
9207,10,Pierre GASLY,Alpine
9207,11,Sergio PEREZ,Red Bull Racing
9207,14,Fernando ALONSO,Aston Martin
9207,16,Charles LECLERC,Ferrari
9207,18,Lance STROLL,Aston Martin
9207,20,Kevin MAGNUSSEN,Haas F1 Team
9207,22,Yuki TSUNODA,AlphaTauri
9207,23,Alexander ALBON,Williams
9207,24,ZHOU Guanyu,Alfa Romeo
9207,27,Nico HULKENBERG,Haas F1 Team
9207,31,Esteban OCON,Alpine
9207,44,Lewis HAMILTON,Mercedes
9207,55,Carlos SAINZ,Ferrari
9207,63,George RUSSELL,Mercedes
9207,77,Valtteri BOTTAS,Alfa Romeo
9207,81,Oscar PIASTRI,McLaren
9294,1,Max VERSTAPPEN,Red Bull Racing
9294,2,Logan SARGEANT,Williams
9294,3,Daniel RICCIARDO,AlphaTauri
9294,4,Lando NORRIS,McLaren
9294,10,Pierre GASLY,Alpine
9294,11,Sergio PEREZ,Red Bull Racing
9294,14,Fernando ALONSO,Aston Martin
9294,16,Charles LECLERC,Ferrari
9294,18,Lance STROLL,Aston Martin
9294,20,Kevin MAGNUSSEN,Haas F1 Team
9294,22,Yuki TSUNODA,AlphaTauri
9294,23,Alexander ALBON,Williams
9294,24,ZHOU Guanyu,Alfa Romeo
9294,27,Nico HULKENBERG,Haas F1 Team
9294,31,Esteban OCON,Alpine
9294,44,Lewis HAMILTON,Mercedes
9294,55,Carlos SAINZ,Ferrari
9294,63,George RUSSELL,Mercedes
9294,77,Valtteri BOTTAS,Alfa Romeo
9294,81,Oscar PIASTRI,McLaren
9212,1,Max VERSTAPPEN,Red Bull Racing
9212,2,Logan SARGEANT,Williams
9212,3,Daniel RICCIARDO,AlphaTauri
9212,4,Lando NORRIS,McLaren
9212,10,Pierre GASLY,Alpine
9212,11,Sergio PEREZ,Red Bull Racing
9212,14,Fernando ALONSO,Aston Martin
9212,16,Charles LECLERC,Ferrari
9212,18,Lance STROLL,Aston Martin
9212,20,Kevin MAGNUSSEN,Haas F1 Team
9212,22,Yuki TSUNODA,AlphaTauri
9212,23,Alexander ALBON,Williams
9212,24,ZHOU Guanyu,Alfa Romeo
9212,27,Nico HULKENBERG,Haas F1 Team
9212,31,Esteban OCON,Alpine
9212,44,Lewis HAMILTON,Mercedes
9212,55,Carlos SAINZ,Ferrari
9212,63,George RUSSELL,Mercedes
9212,77,Valtteri BOTTAS,Alfa Romeo
9212,81,Oscar PIASTRI,McLaren
9213,1,Max VERSTAPPEN,Red Bull Racing
9213,2,Logan SARGEANT,Williams
9213,3,Daniel RICCIARDO,AlphaTauri
9213,4,Lando NORRIS,McLaren
9213,10,Pierre GASLY,Alpine
9213,11,Sergio PEREZ,Red Bull Racing
9213,14,Fernando ALONSO,Aston Martin
9213,16,Charles LECLERC,Ferrari
9213,18,Lance STROLL,Aston Martin
9213,20,Kevin MAGNUSSEN,Haas F1 Team
9213,22,Yuki TSUNODA,AlphaTauri
9213,23,Alexander ALBON,Williams
9213,24,ZHOU Guanyu,Alfa Romeo
9213,27,Nico HULKENBERG,Haas F1 Team
9213,31,Esteban OCON,Alpine
9213,44,Lewis HAMILTON,Mercedes
9213,55,Carlos SAINZ,Ferrari
9213,63,George RUSSELL,Mercedes
9213,77,Valtteri BOTTAS,Alfa Romeo
9213,81,Oscar PIASTRI,McLaren
9174,1,Max VERSTAPPEN,Red Bull Racing
9174,2,Logan SARGEANT,Williams
9174,3,Daniel RICCIARDO,AlphaTauri
9174,4,Lando NORRIS,McLaren
9174,11,Sergio PEREZ,Red Bull Racing
9174,14,Fernando ALONSO,Aston Martin
9174,16,Charles LECLERC,Ferrari
9174,18,Lance STROLL,Aston Martin
9174,23,Alexander ALBON,Williams
9174,24,ZHOU Guanyu,Alfa Romeo
9174,27,Nico HULKENBERG,Haas F1 Team
9174,31,Esteban OCON,Alpine
9174,41,Isack HADJAR,AlphaTauri
9174,42,Frederik VESTI,Mercedes
9174,44,Lewis HAMILTON,Mercedes
9174,50,Oliver BEARMAN,Haas F1 Team
9174,55,Carlos SAINZ,Ferrari
9174,61,Jack DOOHAN,Alpine
9174,81,Oscar PIASTRI,McLaren
9174,98,Theo POURCHAIRE,Alfa Romeo
9175,1,Max VERSTAPPEN,Red Bull Racing
9175,2,Logan SARGEANT,Williams
9175,3,Daniel RICCIARDO,AlphaTauri
9175,4,Lando NORRIS,McLaren
9175,10,Pierre GASLY,Alpine
9175,11,Sergio PEREZ,Red Bull Racing
9175,14,Fernando ALONSO,Aston Martin
9175,16,Charles LECLERC,Ferrari
9175,18,Lance STROLL,Aston Martin
9175,20,Kevin MAGNUSSEN,Haas F1 Team
9175,22,Yuki TSUNODA,AlphaTauri
9175,23,Alexander ALBON,Williams
9175,24,ZHOU Guanyu,Alfa Romeo
9175,27,Nico HULKENBERG,Haas F1 Team
9175,31,Esteban OCON,Alpine
9175,44,Lewis HAMILTON,Mercedes
9175,55,Carlos SAINZ,Ferrari
9175,63,George RUSSELL,Mercedes
9175,77,Valtteri BOTTAS,Alfa Romeo
9175,81,Oscar PIASTRI,McLaren
9176,1,Max VERSTAPPEN,Red Bull Racing
9176,2,Logan SARGEANT,Williams
9176,3,Daniel RICCIARDO,AlphaTauri
9176,4,Lando NORRIS,McLaren
9176,10,Pierre GASLY,Alpine
9176,11,Sergio PEREZ,Red Bull Racing
9176,14,Fernando ALONSO,Aston Martin
9176,16,Charles LECLERC,Ferrari
9176,18,Lance STROLL,Aston Martin
9176,20,Kevin MAGNUSSEN,Haas F1 Team
9176,22,Yuki TSUNODA,AlphaTauri
9176,23,Alexander ALBON,Williams
9176,24,ZHOU Guanyu,Alfa Romeo
9176,27,Nico HULKENBERG,Haas F1 Team
9176,31,Esteban OCON,Alpine
9176,44,Lewis HAMILTON,Mercedes
9176,55,Carlos SAINZ,Ferrari
9176,63,George RUSSELL,Mercedes
9176,77,Valtteri BOTTAS,Alfa Romeo
9176,81,Oscar PIASTRI,McLaren
9177,1,Max VERSTAPPEN,Red Bull Racing
9177,2,Logan SARGEANT,Williams
9177,3,Daniel RICCIARDO,AlphaTauri
9177,4,Lando NORRIS,McLaren
9177,10,Pierre GASLY,Alpine
9177,11,Sergio PEREZ,Red Bull Racing
9177,14,Fernando ALONSO,Aston Martin
9177,16,Charles LECLERC,Ferrari
9177,18,Lance STROLL,Aston Martin
9177,20,Kevin MAGNUSSEN,Haas F1 Team
9177,22,Yuki TSUNODA,AlphaTauri
9177,23,Alexander ALBON,Williams
9177,24,ZHOU Guanyu,Alfa Romeo
9177,27,Nico HULKENBERG,Haas F1 Team
9177,31,Esteban OCON,Alpine
9177,44,Lewis HAMILTON,Mercedes
9177,55,Carlos SAINZ,Ferrari
9177,63,George RUSSELL,Mercedes
9177,77,Valtteri BOTTAS,Alfa Romeo
9177,81,Oscar PIASTRI,McLaren
9181,1,Max VERSTAPPEN,Red Bull Racing
9181,2,Logan SARGEANT,Williams
9181,3,Daniel RICCIARDO,AlphaTauri
9181,4,Lando NORRIS,McLaren
9181,10,Pierre GASLY,Alpine
9181,11,Sergio PEREZ,Red Bull Racing
9181,14,Fernando ALONSO,Aston Martin
9181,16,Charles LECLERC,Ferrari
9181,18,Lance STROLL,Aston Martin
9181,20,Kevin MAGNUSSEN,Haas F1 Team
9181,22,Yuki TSUNODA,AlphaTauri
9181,23,Alexander ALBON,Williams
9181,24,ZHOU Guanyu,Alfa Romeo
9181,27,Nico HULKENBERG,Haas F1 Team
9181,31,Esteban OCON,Alpine
9181,44,Lewis HAMILTON,Mercedes
9181,55,Carlos SAINZ,Ferrari
9181,63,George RUSSELL,Mercedes
9181,77,Valtteri BOTTAS,Alfa Romeo
9181,81,Oscar PIASTRI,McLaren
9198,1,Max VERSTAPPEN,Red Bull Racing
9198,2,Logan SARGEANT,Williams
9198,3,Daniel RICCIARDO,AlphaTauri
9198,4,Lando NORRIS,McLaren
9198,10,Pierre GASLY,Alpine
9198,11,Sergio PEREZ,Red Bull Racing
9198,14,Fernando ALONSO,Aston Martin
9198,16,Charles LECLERC,Ferrari
9198,18,Lance STROLL,Aston Martin
9198,20,Kevin MAGNUSSEN,Haas F1 Team
9198,22,Yuki TSUNODA,AlphaTauri
9198,23,Alexander ALBON,Williams
9198,24,ZHOU Guanyu,Alfa Romeo
9198,27,Nico HULKENBERG,Haas F1 Team
9198,31,Esteban OCON,Alpine
9198,44,Lewis HAMILTON,Mercedes
9198,55,Carlos SAINZ,Ferrari
9198,63,George RUSSELL,Mercedes
9198,77,Valtteri BOTTAS,Alfa Romeo
9198,81,Oscar PIASTRI,McLaren
9304,1,Max VERSTAPPEN,Red Bull Racing
9304,2,Logan SARGEANT,Williams
9304,3,Daniel RICCIARDO,AlphaTauri
9304,4,Lando NORRIS,McLaren
9304,10,Pierre GASLY,Alpine
9304,11,Sergio PEREZ,Red Bull Racing
9304,14,Fernando ALONSO,Aston Martin
9304,16,Charles LECLERC,Ferrari
9304,18,Lance STROLL,Aston Martin
9304,20,Kevin MAGNUSSEN,Haas F1 Team
9304,22,Yuki TSUNODA,AlphaTauri
9304,23,Alexander ALBON,Williams
9304,24,ZHOU Guanyu,Alfa Romeo
9304,27,Nico HULKENBERG,Haas F1 Team
9304,31,Esteban OCON,Alpine
9304,44,Lewis HAMILTON,Mercedes
9304,55,Carlos SAINZ,Ferrari
9304,63,George RUSSELL,Mercedes
9304,77,Valtteri BOTTAS,Alfa Romeo
9304,81,Oscar PIASTRI,McLaren
9308,1,Max VERSTAPPEN,Red Bull Racing
9308,2,Logan SARGEANT,Williams
9308,3,Daniel RICCIARDO,AlphaTauri
9308,4,Lando NORRIS,McLaren
9308,10,Pierre GASLY,Alpine
9308,11,Sergio PEREZ,Red Bull Racing
9308,14,Fernando ALONSO,Aston Martin
9308,16,Charles LECLERC,Ferrari
9308,18,Lance STROLL,Aston Martin
9308,20,Kevin MAGNUSSEN,Haas F1 Team
9308,22,Yuki TSUNODA,AlphaTauri
9308,23,Alexander ALBON,Williams
9308,24,ZHOU Guanyu,Alfa Romeo
9308,27,Nico HULKENBERG,Haas F1 Team
9308,31,Esteban OCON,Alpine
9308,44,Lewis HAMILTON,Mercedes
9308,55,Carlos SAINZ,Ferrari
9308,63,George RUSSELL,Mercedes
9308,77,Valtteri BOTTAS,Alfa Romeo
9308,81,Oscar PIASTRI,McLaren
9204,1,Max VERSTAPPEN,Red Bull Racing
9204,2,Logan SARGEANT,Williams
9204,3,Daniel RICCIARDO,AlphaTauri
9204,4,Lando NORRIS,McLaren
9204,10,Pierre GASLY,Alpine
9204,11,Sergio PEREZ,Red Bull Racing
9204,14,Fernando ALONSO,Aston Martin
9204,16,Charles LECLERC,Ferrari
9204,18,Lance STROLL,Aston Martin
9204,20,Kevin MAGNUSSEN,Haas F1 Team
9204,22,Yuki TSUNODA,AlphaTauri
9204,23,Alexander ALBON,Williams
9204,24,ZHOU Guanyu,Alfa Romeo
9204,27,Nico HULKENBERG,Haas F1 Team
9204,31,Esteban OCON,Alpine
9204,44,Lewis HAMILTON,Mercedes
9204,55,Carlos SAINZ,Ferrari
9204,63,George RUSSELL,Mercedes
9204,77,Valtteri BOTTAS,Alfa Romeo
9204,81,Oscar PIASTRI,McLaren
9205,1,Max VERSTAPPEN,Red Bull Racing
9205,2,Logan SARGEANT,Williams
9205,3,Daniel RICCIARDO,AlphaTauri
9205,4,Lando NORRIS,McLaren
9205,10,Pierre GASLY,Alpine
9205,11,Sergio PEREZ,Red Bull Racing
9205,14,Fernando ALONSO,Aston Martin
9205,16,Charles LECLERC,Ferrari
9205,18,Lance STROLL,Aston Martin
9205,20,Kevin MAGNUSSEN,Haas F1 Team
9205,22,Yuki TSUNODA,AlphaTauri
9205,23,Alexander ALBON,Williams
9205,24,ZHOU Guanyu,Alfa Romeo
9205,27,Nico HULKENBERG,Haas F1 Team
9205,31,Esteban OCON,Alpine
9205,44,Lewis HAMILTON,Mercedes
9205,55,Carlos SAINZ,Ferrari
9205,63,George RUSSELL,Mercedes
9205,77,Valtteri BOTTAS,Alfa Romeo
9205,81,Oscar PIASTRI,McLaren
9182,1,Max VERSTAPPEN,Red Bull Racing
9182,2,Logan SARGEANT,Williams
9182,3,Daniel RICCIARDO,AlphaTauri
9182,4,Lando NORRIS,McLaren
9182,10,Pierre GASLY,Alpine
9182,11,Sergio PEREZ,Red Bull Racing
9182,14,Fernando ALONSO,Aston Martin
9182,16,Charles LECLERC,Ferrari
9182,18,Lance STROLL,Aston Martin
9182,20,Kevin MAGNUSSEN,Haas F1 Team
9182,22,Yuki TSUNODA,AlphaTauri
9182,23,Alexander ALBON,Williams
9182,24,ZHOU Guanyu,Alfa Romeo
9182,27,Nico HULKENBERG,Haas F1 Team
9182,31,Esteban OCON,Alpine
9182,44,Lewis HAMILTON,Mercedes
9182,55,Carlos SAINZ,Ferrari
9182,63,George RUSSELL,Mercedes
9182,77,Valtteri BOTTAS,Alfa Romeo
9182,81,Oscar PIASTRI,McLaren
9183,1,Max VERSTAPPEN,Red Bull Racing
9183,2,Logan SARGEANT,Williams
9183,3,Daniel RICCIARDO,AlphaTauri
9183,4,Lando NORRIS,McLaren
9183,10,Pierre GASLY,Alpine
9183,11,Sergio PEREZ,Red Bull Racing
9183,14,Fernando ALONSO,Aston Martin
9183,16,Charles LECLERC,Ferrari
9183,18,Lance STROLL,Aston Martin
9183,20,Kevin MAGNUSSEN,Haas F1 Team
9183,22,Yuki TSUNODA,AlphaTauri
9183,23,Alexander ALBON,Williams
9183,24,ZHOU Guanyu,Alfa Romeo
9183,27,Nico HULKENBERG,Haas F1 Team
9183,31,Esteban OCON,Alpine
9183,44,Lewis HAMILTON,Mercedes
9183,55,Carlos SAINZ,Ferrari
9183,63,George RUSSELL,Mercedes
9183,77,Valtteri BOTTAS,Alfa Romeo
9183,81,Oscar PIASTRI,McLaren
9184,1,Max VERSTAPPEN,Red Bull Racing
9184,2,Logan SARGEANT,Williams
9184,3,Daniel RICCIARDO,AlphaTauri
9184,4,Lando NORRIS,McLaren
9184,10,Pierre GASLY,Alpine
9184,11,Sergio PEREZ,Red Bull Racing
9184,14,Fernando ALONSO,Aston Martin
9184,16,Charles LECLERC,Ferrari
9184,18,Lance STROLL,Aston Martin
9184,20,Kevin MAGNUSSEN,Haas F1 Team
9184,22,Yuki TSUNODA,AlphaTauri
9184,23,Alexander ALBON,Williams
9184,24,ZHOU Guanyu,Alfa Romeo
9184,27,Nico HULKENBERG,Haas F1 Team
9184,31,Esteban OCON,Alpine
9184,44,Lewis HAMILTON,Mercedes
9184,55,Carlos SAINZ,Ferrari
9184,63,George RUSSELL,Mercedes
9184,77,Valtteri BOTTAS,Alfa Romeo
9184,81,Oscar PIASTRI,McLaren
9314,1,Max VERSTAPPEN,Red Bull Racing
9314,2,Logan SARGEANT,Williams
9314,3,Daniel RICCIARDO,AlphaTauri
9314,4,Lando NORRIS,McLaren
9314,10,Pierre GASLY,Alpine
9314,11,Sergio PEREZ,Red Bull Racing
9314,14,Fernando ALONSO,Aston Martin
9314,16,Charles LECLERC,Ferrari
9314,18,Lance STROLL,Aston Martin
9314,20,Kevin MAGNUSSEN,Haas F1 Team
9314,22,Yuki TSUNODA,AlphaTauri
9314,23,Alexander ALBON,Williams
9314,24,ZHOU Guanyu,Alfa Romeo
9314,27,Nico HULKENBERG,Haas F1 Team
9314,31,Esteban OCON,Alpine
9314,44,Lewis HAMILTON,Mercedes
9314,55,Carlos SAINZ,Ferrari
9314,63,George RUSSELL,Mercedes
9314,77,Valtteri BOTTAS,Alfa Romeo
9314,81,Oscar PIASTRI,McLaren
9189,1,Max VERSTAPPEN,Red Bull Racing
9189,2,Logan SARGEANT,Williams
9189,3,Daniel RICCIARDO,AlphaTauri
9189,4,Lando NORRIS,McLaren
9189,10,Pierre GASLY,Alpine
9189,11,Sergio PEREZ,Red Bull Racing
9189,14,Fernando ALONSO,Aston Martin
9189,16,Charles LECLERC,Ferrari
9189,18,Lance STROLL,Aston Martin
9189,20,Kevin MAGNUSSEN,Haas F1 Team
9189,22,Yuki TSUNODA,AlphaTauri
9189,23,Alexander ALBON,Williams
9189,24,ZHOU Guanyu,Alfa Romeo
9189,27,Nico HULKENBERG,Haas F1 Team
9189,31,Esteban OCON,Alpine
9189,44,Lewis HAMILTON,Mercedes
9189,55,Carlos SAINZ,Ferrari
9189,63,George RUSSELL,Mercedes
9189,77,Valtteri BOTTAS,Alfa Romeo
9189,81,Oscar PIASTRI,McLaren
9190,2,Logan SARGEANT,Williams
9190,3,Daniel RICCIARDO,AlphaTauri
9190,10,Pierre GASLY,Alpine
9190,18,Lance STROLL,Aston Martin
9190,20,Kevin MAGNUSSEN,Haas F1 Team
9190,22,Yuki TSUNODA,AlphaTauri
9190,29,Patricio O'WARD,McLaren
9190,34,Felipe DRUGOVICH,Aston Martin
9190,36,Jake DENNIS,Red Bull Racing
9190,37,Isack HADJAR,Red Bull Racing
9190,39,Robert SHWARTZMAN,Ferrari
9190,42,Frederik VESTI,Mercedes
9190,45,Zak O'SULLIVAN,Williams
9190,50,Oliver BEARMAN,Haas F1 Team
9190,55,Carlos SAINZ,Ferrari
9190,61,Jack DOOHAN,Alpine
9190,63,George RUSSELL,Mercedes
9190,77,Valtteri BOTTAS,Alfa Romeo
9190,81,Oscar PIASTRI,McLaren
9190,98,Theo POURCHAIRE,Alfa Romeo
9191,1,Max VERSTAPPEN,Red Bull Racing
9191,2,Logan SARGEANT,Williams
9191,3,Daniel RICCIARDO,AlphaTauri
9191,4,Lando NORRIS,McLaren
9191,10,Pierre GASLY,Alpine
9191,11,Sergio PEREZ,Red Bull Racing
9191,14,Fernando ALONSO,Aston Martin
9191,16,Charles LECLERC,Ferrari
9191,18,Lance STROLL,Aston Martin
9191,20,Kevin MAGNUSSEN,Haas F1 Team
9191,22,Yuki TSUNODA,AlphaTauri
9191,23,Alexander ALBON,Williams
9191,24,ZHOU Guanyu,Alfa Romeo
9191,27,Nico HULKENBERG,Haas F1 Team
9191,31,Esteban OCON,Alpine
9191,44,Lewis HAMILTON,Mercedes
9191,55,Carlos SAINZ,Ferrari
9191,63,George RUSSELL,Mercedes
9191,77,Valtteri BOTTAS,Alfa Romeo
9191,81,Oscar PIASTRI,McLaren
9192,1,Max VERSTAPPEN,Red Bull Racing
9192,2,Logan SARGEANT,Williams
9192,3,Daniel RICCIARDO,AlphaTauri
9192,4,Lando NORRIS,McLaren
9192,10,Pierre GASLY,Alpine
9192,11,Sergio PEREZ,Red Bull Racing
9192,14,Fernando ALONSO,Aston Martin
9192,16,Charles LECLERC,Ferrari
9192,18,Lance STROLL,Aston Martin
9192,20,Kevin MAGNUSSEN,Haas F1 Team
9192,22,Yuki TSUNODA,AlphaTauri
9192,23,Alexander ALBON,Williams
9192,24,ZHOU Guanyu,Alfa Romeo
9192,27,Nico HULKENBERG,Haas F1 Team
9192,31,Esteban OCON,Alpine
9192,44,Lewis HAMILTON,Mercedes
9192,55,Carlos SAINZ,Ferrari
9192,63,George RUSSELL,Mercedes
9192,77,Valtteri BOTTAS,Alfa Romeo
9192,81,Oscar PIASTRI,McLaren
9193,1,Max VERSTAPPEN,Red Bull Racing
9193,2,Logan SARGEANT,Williams
9193,3,Daniel RICCIARDO,AlphaTauri
9193,4,Lando NORRIS,McLaren
9193,10,Pierre GASLY,Alpine
9193,11,Sergio PEREZ,Red Bull Racing
9193,14,Fernando ALONSO,Aston Martin
9193,16,Charles LECLERC,Ferrari
9193,18,Lance STROLL,Aston Martin
9193,20,Kevin MAGNUSSEN,Haas F1 Team
9193,22,Yuki TSUNODA,AlphaTauri
9193,23,Alexander ALBON,Williams
9193,24,ZHOU Guanyu,Alfa Romeo
9193,27,Nico HULKENBERG,Haas F1 Team
9193,31,Esteban OCON,Alpine
9193,44,Lewis HAMILTON,Mercedes
9193,55,Carlos SAINZ,Ferrari
9193,63,George RUSSELL,Mercedes
9193,77,Valtteri BOTTAS,Alfa Romeo
9193,81,Oscar PIASTRI,McLaren
9197,1,Max VERSTAPPEN,Red Bull Racing
9197,2,Logan SARGEANT,Williams
9197,3,Daniel RICCIARDO,AlphaTauri
9197,4,Lando NORRIS,McLaren
9197,10,Pierre GASLY,Alpine
9197,11,Sergio PEREZ,Red Bull Racing
9197,14,Fernando ALONSO,Aston Martin
9197,16,Charles LECLERC,Ferrari
9197,18,Lance STROLL,Aston Martin
9197,20,Kevin MAGNUSSEN,Haas F1 Team
9197,22,Yuki TSUNODA,AlphaTauri
9197,23,Alexander ALBON,Williams
9197,24,ZHOU Guanyu,Alfa Romeo
9197,27,Nico HULKENBERG,Haas F1 Team
9197,31,Esteban OCON,Alpine
9197,44,Lewis HAMILTON,Mercedes
9197,55,Carlos SAINZ,Ferrari
9197,63,George RUSSELL,Mercedes
9197,77,Valtteri BOTTAS,Alfa Romeo
9197,81,Oscar PIASTRI,McLaren
