session_key,session_type,session_name,date_start,date_end,year,circuit_key,meeting_key
9222,Practice,Day 1,2023-02-23 07:00:00+00:00,2023-02-23 16:30:00+00:00,2023,63,1140
7763,Practice,Day 2,2023-02-24 07:00:00+00:00,2023-02-24 16:30:00+00:00,2023,63,1140
7764,Practice,Day 3,2023-02-25 07:00:00+00:00,2023-02-25 16:30:00+00:00,2023,63,1140
7765,Practice,Practice 1,2023-03-03 11:30:00+00:00,2023-03-03 12:30:00+00:00,2023,63,1141
7766,Practice,Practice 2,2023-03-03 15:00:00+00:00,2023-03-03 16:00:00+00:00,2023,63,1141
7767,Practice,Practice 3,2023-03-04 11:30:00+00:00,2023-03-04 12:30:00+00:00,2023,63,1141
7768,Qualifying,Qualifying,2023-03-04 15:00:00+00:00,2023-03-04 16:00:00+00:00,2023,63,1141
7953,Race,Race,2023-03-05 15:00:00+00:00,2023-03-05 17:00:00+00:00,2023,63,1141
7772,Practice,Practice 1,2023-03-17 13:30:00+00:00,2023-03-17 14:30:00+00:00,2023,149,1142
7773,Practice,Practice 2,2023-03-17 17:00:00+00:00,2023-03-17 18:00:00+00:00,2023,149,1142
7774,Practice,Practice 3,2023-03-18 13:30:00+00:00,2023-03-18 14:30:00+00:00,2023,149,1142
7775,Qualifying,Qualifying,2023-03-18 17:00:00+00:00,2023-03-18 18:00:00+00:00,2023,149,1142
7779,Race,Race,2023-03-19 17:00:00+00:00,2023-03-19 19:00:00+00:00,2023,149,1142
7780,Practice,Practice 1,2023-03-31 02:30:00+00:00,2023-03-31 03:30:00+00:00,2023,10,1143
7781,Practice,Practice 2,2023-03-31 06:00:00+00:00,2023-03-31 07:00:00+00:00,2023,10,1143
7782,Practice,Practice 3,2023-04-01 02:30:00+00:00,2023-04-01 03:30:00+00:00,2023,10,1143
7783,Qualifying,Qualifying,2023-04-01 06:00:00+00:00,2023-04-01 07:00:00+00:00,2023,10,1143
7787,Race,Race,2023-04-02 05:00:00+00:00,2023-04-02 07:00:00+00:00,2023,10,1143
9063,Practice,Practice 1,2023-04-28 09:30:00+00:00,2023-04-28 10:30:00+00:00,2023,144,1207
9064,Qualifying,Qualifying,2023-04-28 13:00:00+00:00,2023-04-28 14:00:00+00:00,2023,144,1207
9278,Qualifying,Sprint Qualifying,2023-04-29 08:30:00+00:00,2023-04-29 09:14:00+00:00,2023,144,1207
9069,Race,Sprint,2023-04-29 13:30:00+00:00,2023-04-29 14:00:00+00:00,2023,144,1207
9070,Race,Race,2023-04-30 11:00:00+00:00,2023-04-30 13:00:00+00:00,2023,144,1207
9071,Practice,Practice 1,2023-05-05 18:00:00+00:00,2023-05-05 19:00:00+00:00,2023,151,1208
9072,Practice,Practice 2,2023-05-05 21:30:00+00:00,2023-05-05 22:30:00+00:00,2023,151,1208
9073,Practice,Practice 3,2023-05-06 16:30:00+00:00,2023-05-06 17:30:00+00:00,2023,151,1208
9074,Qualifying,Qualifying,2023-05-06 20:00:00+00:00,2023-05-06 21:00:00+00:00,2023,151,1208
9078,Race,Race,2023-05-07 19:30:00+00:00,2023-05-07 21:30:00+00:00,2023,151,1208
9079,Practice,Practice 1,2023-05-19 11:30:00+00:00,2023-05-19 12:30:00+00:00,2023,6,1209
9080,Practice,Practice 2,2023-05-19 15:00:00+00:00,2023-05-19 16:00:00+00:00,2023,6,1209
9081,Practice,Practice 3,2023-05-20 10:30:00+00:00,2023-05-20 11:30:00+00:00,2023,6,1209
9082,Qualifying,Qualifying,2023-05-20 14:00:00+00:00,2023-05-20 15:00:00+00:00,2023,6,1209
9086,Race,Race,2023-05-21 13:00:00+00:00,2023-05-21 15:00:00+00:00,2023,6,1209
9087,Practice,Practice 1,2023-05-26 11:30:00+00:00,2023-05-26 12:30:00+00:00,2023,22,1210
9088,Practice,Practice 2,2023-05-26 15:00:00+00:00,2023-05-26 16:00:00+00:00,2023,22,1210
9089,Practice,Practice 3,2023-05-27 10:30:00+00:00,2023-05-27 11:30:00+00:00,2023,22,1210
9090,Qualifying,Qualifying,2023-05-27 14:00:00+00:00,2023-05-27 15:00:00+00:00,2023,22,1210
9094,Race,Race,2023-05-28 13:00:00+00:00,2023-05-28 15:00:00+00:00,2023,22,1210
9095,Practice,Practice 1,2023-06-02 11:30:00+00:00,2023-06-02 12:30:00+00:00,2023,15,1211
9096,Practice,Practice 2,2023-06-02 15:00:00+00:00,2023-06-02 16:00:00+00:00,2023,15,1211
9097,Practice,Practice 3,2023-06-03 10:30:00+00:00,2023-06-03 11:30:00+00:00,2023,15,1211
9098,Qualifying,Qualifying,2023-06-03 14:00:00+00:00,2023-06-03 15:00:00+00:00,2023,15,1211
9102,Race,Race,2023-06-04 13:00:00+00:00,2023-06-04 15:00:00+00:00,2023,15,1211
9103,Practice,Practice 1,2023-06-16 17:30:00+00:00,2023-06-16 18:30:00+00:00,2023,23,1212
9104,Practice,Practice 2,2023-06-16 20:30:00+00:00,2023-06-16 22:00:00+00:00,2023,23,1212
9105,Practice,Practice 3,2023-06-17 16:30:00+00:00,2023-06-17 17:30:00+00:00,2023,23,1212
9106,Qualifying,Qualifying,2023-06-17 20:00:00+00:00,2023-06-17 21:00:00+00:00,2023,23,1212
9110,Race,Race,2023-06-18 18:00:00+00:00,2023-06-18 20:00:00+00:00,2023,23,1212
9111,Practice,Practice 1,2023-06-30 11:30:00+00:00,2023-06-30 12:30:00+00:00,2023,19,1213
9112,Qualifying,Qualifying,2023-06-30 15:00:00+00:00,2023-06-30 16:00:00+00:00,2023,19,1213
9282,Qualifying,Sprint Qualifying,2023-07-01 10:00:00+00:00,2023-07-01 10:44:00+00:00,2023,19,1213
9117,Race,Sprint,2023-07-01 14:30:00+00:00,2023-07-01 15:00:00+00:00,2023,19,1213
9118,Race,Race,2023-07-02 13:00:00+00:00,2023-07-02 15:00:00+00:00,2023,19,1213
9119,Practice,Practice 1,2023-07-07 11:30:00+00:00,2023-07-07 12:30:00+00:00,2023,2,1214
9120,Practice,Practice 2,2023-07-07 15:00:00+00:00,2023-07-07 16:00:00+00:00,2023,2,1214
9121,Practice,Practice 3,2023-07-08 10:30:00+00:00,2023-07-08 11:30:00+00:00,2023,2,1214
9122,Qualifying,Qualifying,2023-07-08 14:00:00+00:00,2023-07-08 15:00:00+00:00,2023,2,1214
9126,Race,Race,2023-07-09 14:00:00+00:00,2023-07-09 16:00:00+00:00,2023,2,1214
9223,Practice,Practice 1,2023-07-21 11:30:00+00:00,2023-07-21 12:30:00+00:00,2023,4,1215
9127,Practice,Practice 2,2023-07-21 15:00:00+00:00,2023-07-21 16:00:00+00:00,2023,4,1215
9128,Practice,Practice 3,2023-07-22 10:30:00+00:00,2023-07-22 11:30:00+00:00,2023,4,1215
9129,Qualifying,Qualifying,2023-07-22 14:00:00+00:00,2023-07-22 15:00:00+00:00,2023,4,1215
9133,Race,Race,2023-07-23 13:00:00+00:00,2023-07-23 15:00:00+00:00,2023,4,1215
9134,Practice,Practice 1,2023-07-28 11:30:00+00:00,2023-07-28 12:30:00+00:00,2023,7,1216
9135,Qualifying,Qualifying,2023-07-28 15:00:00+00:00,2023-07-28 16:00:00+00:00,2023,7,1216
9286,Qualifying,Sprint Qualifying,2023-07-29 10:00:00+00:00,2023-07-29 10:44:00+00:00,2023,7,1216
9140,Race,Sprint,2023-07-29 15:05:00+00:00,2023-07-29 15:35:00+00:00,2023,7,1216
9141,Race,Race,2023-07-30 13:00:00+00:00,2023-07-30 15:00:00+00:00,2023,7,1216
9142,Practice,Practice 1,2023-08-25 10:30:00+00:00,2023-08-25 11:30:00+00:00,2023,55,1217
9143,Practice,Practice 2,2023-08-25 14:00:00+00:00,2023-08-25 15:00:00+00:00,2023,55,1217
9144,Practice,Practice 3,2023-08-26 09:30:00+00:00,2023-08-26 10:30:00+00:00,2023,55,1217
9145,Qualifying,Qualifying,2023-08-26 13:00:00+00:00,2023-08-26 14:00:00+00:00,2023,55,1217
9149,Race,Race,2023-08-27 13:00:00+00:00,2023-08-27 15:00:00+00:00,2023,55,1217
9150,Practice,Practice 1,2023-09-01 11:30:00+00:00,2023-09-01 12:30:00+00:00,2023,39,1218
9151,Practice,Practice 2,2023-09-01 15:00:00+00:00,2023-09-01 16:00:00+00:00,2023,39,1218
9152,Practice,Practice 3,2023-09-02 10:30:00+00:00,2023-09-02 11:30:00+00:00,2023,39,1218
9153,Qualifying,Qualifying,2023-09-02 14:00:00+00:00,2023-09-02 15:00:00+00:00,2023,39,1218
9157,Race,Race,2023-09-03 13:00:00+00:00,2023-09-03 15:00:00+00:00,2023,39,1218
9158,Practice,Practice 1,2023-09-15 09:30:00+00:00,2023-09-15 10:30:00+00:00,2023,61,1219
9159,Practice,Practice 2,2023-09-15 13:00:00+00:00,2023-09-15 14:00:00+00:00,2023,61,1219
9160,Practice,Practice 3,2023-09-16 09:30:00+00:00,2023-09-16 10:30:00+00:00,2023,61,1219
9161,Qualifying,Qualifying,2023-09-16 13:00:00+00:00,2023-09-16 14:00:00+00:00,2023,61,1219
9165,Race,Race,2023-09-17 12:00:00+00:00,2023-09-17 14:00:00+00:00,2023,61,1219
9166,Practice,Practice 1,2023-09-22 02:30:00+00:00,2023-09-22 03:30:00+00:00,2023,46,1220
9167,Practice,Practice 2,2023-09-22 06:00:00+00:00,2023-09-22 07:00:00+00:00,2023,46,1220
9168,Practice,Practice 3,2023-09-23 02:30:00+00:00,2023-09-23 03:30:00+00:00,2023,46,1220
9169,Qualifying,Qualifying,2023-09-23 06:00:00+00:00,2023-09-23 07:00:00+00:00,2023,46,1220
9173,Race,Race,2023-09-24 05:00:00+00:00,2023-09-24 07:00:00+00:00,2023,46,1220
9214,Practice,Practice 1,2023-10-06 13:30:00+00:00,2023-10-06 14:30:00+00:00,2023,150,1221
9215,Qualifying,Qualifying,2023-10-06 17:00:00+00:00,2023-10-06 18:00:00+00:00,2023,150,1221
9298,Qualifying,Sprint Qualifying,2023-10-07 13:00:00+00:00,2023-10-07 13:44:00+00:00,2023,150,1221
9220,Race,Sprint,2023-10-07 17:30:00+00:00,2023-10-07 18:30:00+00:00,2023,150,1221
9221,Race,Race,2023-10-08 17:00:00+00:00,2023-10-08 19:00:00+00:00,2023,150,1221
9206,Practice,Practice 1,2023-10-20 17:30:00+00:00,2023-10-20 18:30:00+00:00,2023,9,1222
9207,Qualifying,Qualifying,2023-10-20 21:00:00+00:00,2023-10-20 22:00:00+00:00,2023,9,1222
9294,Qualifying,Sprint Qualifying,2023-10-21 17:30:00+00:00,2023-10-21 18:14:00+00:00,2023,9,1222
9212,Race,Sprint,2023-10-21 22:00:00+00:00,2023-10-21 23:00:00+00:00,2023,9,1222
9213,Race,Race,2023-10-22 19:00:00+00:00,2023-10-22 21:00:00+00:00,2023,9,1222
9174,Practice,Practice 1,2023-10-27 18:30:00+00:00,2023-10-27 19:30:00+00:00,2023,65,1223
9175,Practice,Practice 2,2023-10-27 22:00:00+00:00,2023-10-27 23:00:00+00:00,2023,65,1223
9176,Practice,Practice 3,2023-10-28 17:30:00+00:00,2023-10-28 18:30:00+00:00,2023,65,1223
9177,Qualifying,Qualifying,2023-10-28 21:00:00+00:00,2023-10-28 22:00:00+00:00,2023,65,1223
9181,Race,Race,2023-10-29 20:00:00+00:00,2023-10-29 22:00:00+00:00,2023,65,1223
9198,Practice,Practice 1,2023-11-03 14:30:00+00:00,2023-11-03 15:30:00+00:00,2023,14,1224
9304,Qualifying,Qualifying,2023-11-03 18:00:00+00:00,2023-11-03 19:00:00+00:00,2023,14,1224
9308,Qualifying,Sprint Qualifying,2023-11-04 14:00:00+00:00,2023-11-04 14:44:00+00:00,2023,14,1224
9204,Race,Sprint,2023-11-04 18:30:00+00:00,2023-11-04 19:00:00+00:00,2023,14,1224
9205,Race,Race,2023-11-05 17:00:00+00:00,2023-11-05 19:00:00+00:00,2023,14,1224
9182,Practice,Practice 1,2023-11-17 04:30:00+00:00,2023-11-17 05:30:00+00:00,2023,152,1225
9183,Practice,Practice 2,2023-11-17 08:00:00+00:00,2023-11-17 09:00:00+00:00,2023,152,1225
9184,Practice,Practice 3,2023-11-18 04:30:00+00:00,2023-11-18 05:30:00+00:00,2023,152,1225
9314,Qualifying,Qualifying,2023-11-18 08:00:00+00:00,2023-11-18 09:00:00+00:00,2023,152,1225
9189,Race,Race,2023-11-19 06:00:00+00:00,2023-11-19 07:59:59+00:00,2023,152,1225
9190,Practice,Practice 1,2023-11-24 09:30:00+00:00,2023-11-24 10:30:00+00:00,2023,70,1226
9191,Practice,Practice 2,2023-11-24 13:00:00+00:00,2023-11-24 14:00:00+00:00,2023,70,1226
9192,Practice,Practice 3,2023-11-25 10:30:00+00:00,2023-11-25 11:30:00+00:00,2023,70,1226
9193,Qualifying,Qualifying,2023-11-25 14:00:00+00:00,2023-11-25 15:00:00+00:00,2023,70,1226
9197,Race,Race,2023-11-26 13:00:00+00:00,2023-11-26 15:00:00+00:00,2023,70,1226
